COMPANION_SEQ,TRAVEL_ID,REL_CD,COMPANION_GENDER,COMPANION_AGE_GRP,COMPANION_SITUATION
1,a_a002792,1,2,4,1
1,d_d007844,7,2,4,1
4,d_d006063,3,2,8,1
1,d_d002910,1,2,5,1
1,d_d001678,2,2,3,3
1,a_a003310,9,2,5,1
1,d_d009242,3,2,6,1
5,d_d002717,2,1,1,1
3,d_d005001,7,1,4,1
1,a_a004216,1,1,7,1
1,d_d001740,1,2,4,1
2,d_d007434,6,1,6,1
3,c_c005196,3,2,6,3
5,c_c004984,6,1,5,1
1,d_d007104,1,1,6,1
3,d_d001560,2,2,3,1
1,d_d000682,1,1,4,1
1,d_d004021,8,2,3,1
2,d_d002744,2,2,4,1
1,a_a014624,3,2,7,1
1,c_c000156,7,2,3,1
1,d_d010069,7,1,3,1
2,d_d001833,2,2,1,1
2,d_d000159,2,1,2,1
1,d_d003199,1,1,4,1
2,d_d005151,1,1,5,1
3,d_d010401,2,2,1,1
6,b_b003032,6,2,2,3
1,d_d000206,7,2,3,1
3,d_d007084,2,2,3,1
1,c_c001346,7,2,5,1
2,d_d003194,1,1,1,1
6,d_d004159,5,2,5,1
1,d_d000488,7,2,3,3
5,d_d004906,7,1,4,3
3,d_d004960,2,2,4,1
3,d_d009396,7,1,4,3
1,d_d000746,7,1,4,1
3,d_d001124,5,2,5,1
2,a_a003724,2,2,1,1
1,d_d002716,1,1,4,1
6,d_d004316,6,2,4,1
5,d_d001240,6,2,1,1
3,d_d010760,10,2,6,1
2,d_d000054,2,1,2,1
4,d_d009683,6,2,6,1
1,d_d006784,1,2,4,1
2,d_d002411,2,2,3,3
2,d_d000112,2,1,4,1
1,d_d006140,1,2,4,1
2,d_d000676,2,2,1,1
7,d_d009805,11,2,1,1
1,d_d010211,7,2,3,1
1,d_d001598,1,1,5,3
1,d_d001289,1,1,5,1
1,b_b004253,8,1,3,1
2,d_d009769,3,2,7,1
1,b_b001661,2,1,4,1
4,d_d005738,2,2,1,1
2,d_d010107,7,1,3,1
1,d_d011654,1,2,3,1
2,d_d002872,2,1,2,1
1,d_d000044,7,2,4,1
3,d_d011291,2,1,1,1
2,b_b005641,2,1,2,1
1,d_d002768,7,2,3,1
2,d_d002969,5,2,4,2
2,d_d001595,9,2,4,1
11,d_d004062,2,1,1,1
1,d_d002333,8,1,3,1
2,d_d004159,6,2,1,1
1,a_a004897,1,1,4,1
1,c_c002576,6,1,5,1
2,c_c002117,2,1,3,1
3,d_d000014,2,1,2,1
1,b_b001806,8,2,4,1
1,a_a006300,8,2,4,1
2,d_d001307,2,2,4,1
5,d_d002802,6,2,4,3
1,a_a001033,1,2,5,1
1,a_a002498,8,1,4,1
3,d_d004476,7,2,4,1
3,d_d001326,7,1,5,1
4,d_d002019,2,1,1,1
1,d_d010215,3,1,6,1
1,d_d002027,3,1,5,1
7,d_d001502,6,2,7,1
1,d_d002138,7,1,3,1
5,a_a002488,6,1,4,1
1,d_d007425,7,2,5,1
1,d_d000663,8,1,3,1
1,d_d005318,8,1,3,1
1,d_d001393,1,2,6,1
1,d_d007503,5,2,4,1
2,d_d000928,9,2,6,1
1,b_b000512,3,2,5,1
1,d_d008242,8,1,3,1
2,d_d001448,2,2,5,3
1,d_d012296,1,2,4,1
17,d_d000373,9,1,3,1
1,d_d004976,2,1,3,2
1,a_a000887,1,1,6,1
1,d_d001904,6,1,4,1
2,d_d001084,2,2,1,1
1,d_d000180,1,1,5,1
2,d_d000148,2,2,3,1
2,d_d002033,11,1,4,1
3,d_d002208,2,1,1,1
1,d_d009391,1,1,4,1
2,d_d009800,7,2,3,1
1,d_d001340,2,2,3,1
2,c_c001107,2,2,2,1
2,d_d000513,6,2,2,1
2,d_d001993,7,1,6,1
7,d_d001624,6,2,1,1
2,c_c002382,7,2,5,1
1,a_a002343,8,2,3,1
1,c_c009359,1,2,4,1
3,d_d000607,5,2,5,1
3,d_d005116,2,1,2,1
1,d_d001027,8,2,4,1
5,d_d000367,6,1,1,3
2,d_d001841,7,2,3,1
5,d_d004316,3,2,6,1
2,d_d005315,11,2,6,1
1,d_d005165,1,1,5,1
1,d_d001276,7,2,4,3
1,d_d009295,8,1,3,1
11,d_d000755,10,2,3,1
1,a_a006094,7,1,4,1
1,d_d008247,3,2,7,3
6,b_b000823,2,2,2,1
1,d_d000849,7,2,3,1
1,d_d000130,1,2,4,1
1,d_d000418,7,1,3,1
2,a_a000095,2,1,4,1
5,a_a000553,7,1,1,1
2,c_c006707,7,2,5,1
10,c_c006685,10,1,6,1
4,c_c002988,6,2,4,3
10,c_c001169,5,1,4,3
4,d_d000079,2,2,2,1
1,d_d002328,3,2,5,1
3,d_d000097,3,1,7,2
1,c_c002578,1,1,6,1
1,d_d002246,7,2,3,3
2,c_c001508,2,2,3,1
1,d_d001805,2,2,4,1
2,d_d002457,7,2,3,1
1,d_d004366,1,1,7,1
1,d_d012252,1,1,5,1
6,d_d001016,5,1,4,3
3,d_d011338,2,2,1,1
1,d_d009886,8,1,4,1
1,d_d012237,8,1,3,1
2,d_d012384,2,2,2,1
2,c_c002143,2,2,4,1
1,a_a005601,7,2,4,1
6,a_a003278,7,1,4,1
6,d_d007128,6,1,5,1
5,d_d011384,3,2,7,1
4,b_b000836,7,2,5,1
2,d_d002638,2,2,1,1
2,d_d004432,2,1,1,1
1,d_d002010,6,1,4,1
5,d_d002483,2,2,1,1
1,d_d001651,1,1,7,1
2,c_c004286,2,1,1,1
1,c_c000311,1,2,5,1
2,d_d001908,7,2,3,1
1,d_d002484,1,2,4,1
3,b_b003797,10,2,3,1
2,d_d004976,1,2,6,2
3,d_d003053,2,1,1,1
1,d_d002473,10,2,5,1
2,d_d005999,3,2,7,1
4,d_d001076,5,2,4,1
6,d_d000373,9,1,4,1
1,d_d008018,8,1,3,1
1,a_a000406,1,1,5,1
2,c_c001016,2,2,4,1
3,d_d002955,2,2,2,1
4,d_d010257,2,2,1,1
1,d_d001737,9,2,3,1
7,d_d009315,6,2,1,1
2,d_d002397,3,1,7,1
1,d_d007611,8,1,3,1
1,d_d008966,3,1,6,1
2,d_d001368,2,2,1,1
1,a_a000310,3,1,6,1
1,d_d000020,5,2,4,1
1,b_b005958,8,1,4,1
1,d_d003058,7,1,3,1
4,d_d007084,5,2,7,1
1,a_a000408,7,2,3,2
4,d_d007150,7,2,5,1
2,d_d006351,5,2,5,1
2,d_d005308,7,2,3,1
1,d_d001493,10,1,5,1
3,d_d004315,5,1,3,1
3,a_a004869,7,1,4,1
2,c_c000982,2,1,1,1
1,d_d000846,1,2,6,1
2,d_d006991,2,2,2,1
3,a_a000007,1,1,5,1
2,d_d002273,2,1,4,3
5,d_d002328,3,1,8,1
1,c_c002492,7,2,5,3
1,d_d009464,8,1,3,1
1,d_d001672,1,1,7,1
2,d_d007551,2,1,1,1
2,d_d000224,6,2,1,1
1,d_d003798,1,2,5,1
1,d_d001682,8,1,4,1
5,d_d002345,2,2,1,1
1,a_a007125,1,2,6,1
1,d_d003976,8,2,3,1
2,d_d003031,2,2,3,1
1,d_d001369,5,2,3,2
3,d_d001640,5,1,3,1
1,d_d001855,8,2,3,1
2,d_d003924,2,1,1,1
1,d_d006919,1,2,1,1
1,d_d000608,1,2,5,1
15,d_d000373,9,1,3,1
1,c_c002610,8,1,3,1
12,d_d002473,11,2,2,1
3,d_d009219,6,2,5,1
1,d_d002033,1,2,3,1
3,d_d012389,2,2,4,1
2,d_d006666,2,2,4,1
1,c_c001813,3,1,5,1
1,d_d000296,1,2,5,1
1,d_d003356,3,2,5,1
1,d_d010362,7,2,3,1
2,d_d007084,2,2,3,1
1,b_b009691,8,2,3,1
1,d_d005437,2,2,4,1
1,d_d004390,8,1,4,1
15,c_c006685,10,1,6,1
2,a_a004257,11,1,3,1
1,d_d000239,1,2,4,1
3,d_d005976,1,2,4,1
3,d_d000213,2,1,1,1
2,a_a000310,3,2,5,1
3,a_a010968,7,1,3,1
1,d_d003907,1,1,7,1
1,d_d010109,1,1,7,1
3,a_a000328,2,2,1,1
1,d_d012361,8,1,4,1
1,d_d000058,1,2,4,1
3,d_d002810,7,1,3,1
2,d_d002305,2,2,1,1
5,d_d001961,2,2,4,3
1,d_d012429,7,2,3,1
3,d_d004256,2,2,1,1
1,d_d001385,1,2,6,1
8,d_d007128,6,2,2,1
3,d_d010492,5,2,3,1
1,d_d001278,1,1,7,1
3,d_d000072,2,1,1,1
2,d_d000267,6,1,4,1
1,a_a003558,7,2,5,1
3,d_d004268,2,1,1,1
3,d_d005892,5,2,3,1
1,d_d004601,7,2,3,1
2,b_b008495,9,1,3,2
1,b_b003295,1,1,6,1
2,d_d002758,2,2,3,1
1,d_d007085,1,1,5,1
2,d_d012203,3,2,7,1
1,d_d001500,8,2,4,3
3,d_d003058,7,1,3,1
1,a_a011501,7,2,4,1
1,d_d000892,2,2,4,1
1,d_d003545,7,1,3,2
5,d_d001665,9,2,5,1
1,a_a005007,8,2,3,1
1,d_d006903,1,2,4,1
1,d_d008017,8,1,3,1
3,d_d010801,7,2,5,3
2,d_d002473,10,2,5,1
1,c_c002783,3,1,5,1
4,a_a004897,2,1,1,1
1,d_d003696,7,2,6,1
2,d_d000392,2,1,1,3
2,d_d010973,6,2,3,3
3,d_d005935,2,1,1,1
1,d_d009732,8,2,3,1
2,d_d006919,2,2,3,1
1,d_d002943,1,1,5,1
3,d_d009590,6,1,1,1
1,d_d004970,1,1,5,1
7,d_d007128,6,1,2,1
3,d_d001658,7,2,4,2
2,d_d001289,2,2,1,1
1,d_d001091,8,1,4,1
1,d_d006661,8,2,3,2
1,d_d010107,7,1,3,1
3,d_d001841,7,2,3,1
1,d_d000684,1,2,4,1
2,d_d000299,2,2,1,1
2,d_d009222,2,2,1,1
2,d_d002533,9,1,4,1
2,d_d002671,5,2,4,1
3,d_d000962,7,2,4,1
2,b_b000212,2,1,1,1
1,d_d001415,2,2,6,1
9,d_d000373,9,2,4,1
2,d_d001770,2,1,1,1
1,d_d009158,3,1,7,1
3,a_a008091,7,2,3,1
2,a_a003151,10,1,5,1
1,d_d001731,2,1,1,1
2,a_a001883,7,2,4,1
4,d_d002256,7,2,3,2
4,d_d004523,2,2,1,1
3,d_d005975,11,2,1,1
7,d_d001941,11,2,1,1
6,d_d007799,6,1,5,1
1,d_d001631,8,2,4,1
1,d_d002483,3,1,8,1
3,d_d001984,7,2,5,1
1,b_b002249,3,1,5,1
2,d_d007369,2,2,1,1
2,c_c000260,7,1,4,3
1,d_d000025,8,2,3,1
1,a_a002615,1,2,6,1
4,d_d002251,10,2,4,2
2,d_d002386,2,1,1,1
1,c_c003161,1,1,5,1
3,d_d002744,5,1,4,1
3,d_d001411,2,2,4,1
2,d_d004268,2,1,1,1
1,d_d000177,7,2,4,1
1,d_d000891,8,2,3,1
1,d_d000870,1,1,5,1
1,d_d002267,1,1,6,1
2,d_d000284,2,2,2,1
3,d_d001994,2,1,2,1
1,a_a006433,8,2,4,1
3,d_d000451,5,1,3,1
1,d_d001701,3,1,5,1
1,d_d000709,8,2,3,1
3,d_d002965,2,1,1,1
1,d_d001296,10,1,5,1
1,d_d000349,1,2,5,1
1,c_c000263,1,2,6,1
4,a_a000333,2,1,1,1
1,a_a001131,1,2,4,1
2,d_d006778,2,1,1,1
3,b_b001039,2,2,3,1
4,d_d002439,1,1,7,1
5,c_c002171,6,2,7,3
5,a_a000652,7,2,4,3
3,d_d007963,5,2,4,3
2,d_d004187,2,2,2,1
2,d_d006359,2,2,1,1
2,d_d010232,2,2,1,1
4,d_d006991,7,2,4,1
2,d_d001399,2,2,1,1
3,d_d011698,7,2,4,1
1,d_d006734,7,2,3,1
5,d_d001560,2,2,1,1
2,d_d004165,2,2,3,1
3,d_d004019,2,1,2,1
1,d_d001648,7,2,5,1
2,d_d001701,3,2,5,1
1,d_d001893,1,2,5,1
2,d_d001586,10,2,4,1
1,c_c006857,8,2,3,1
1,d_d003567,7,1,4,2
3,d_d000595,5,1,4,3
2,d_d007013,7,1,3,2
3,d_d007551,2,1,1,1
2,b_b005117,7,2,4,1
2,d_d002103,2,2,4,1
3,d_d003141,2,2,1,1
1,d_d004500,1,2,4,1
1,d_d001473,1,2,4,1
2,d_d004426,2,1,1,1
1,d_d012389,1,1,6,1
1,d_d002807,1,1,5,1
3,d_d002504,2,1,2,1
1,d_d002782,8,1,3,1
3,d_d008112,5,1,3,1
1,d_d010846,1,1,5,1
1,c_c002117,1,1,6,1
1,b_b002847,1,2,4,1
5,d_d006991,7,2,4,1
1,d_d002853,1,2,4,1
1,d_d000328,8,1,5,1
4,c_c001346,7,2,5,1
2,b_b001039,1,1,6,1
1,d_d005498,1,1,5,1
1,d_d002987,1,2,5,1
1,d_d001982,1,1,7,1
5,c_c000784,5,2,4,3
1,d_d003398,1,2,5,1
1,d_d000992,2,1,3,1
2,c_c001754,2,2,1,1
1,d_d006713,1,1,6,1
2,c_c002289,2,1,1,1
1,d_d006234,8,1,4,2
1,d_d002529,8,1,5,1
5,c_c003081,3,2,7,1
1,d_d003474,8,2,3,1
2,d_d004256,6,2,7,1
1,d_d003876,1,2,4,1
1,d_d012334,1,2,5,1
1,d_d000534,8,1,3,1
3,d_d009152,8,2,3,1
8,c_c001813,11,1,1,3
1,d_d009054,9,1,4,1
2,d_d001842,1,2,7,2
1,b_b010136,8,2,3,1
2,d_d001733,2,1,1,1
1,d_d003924,1,1,4,1
3,a_a006701,2,1,1,1
2,d_d004972,2,1,1,1
1,d_d001143,1,2,4,1
2,d_d001557,1,2,7,1
4,d_d002774,6,2,1,1
1,d_d007848,3,2,7,1
1,b_b003984,9,1,4,1
2,d_d002467,2,1,1,1
1,c_c000024,5,2,4,3
1,d_d005738,1,2,5,1
3,d_d001016,6,2,1,1
1,d_d012260,1,2,5,1
3,d_d002218,2,2,2,1
4,d_d001874,2,2,2,1
1,d_d000838,7,2,4,1
1,d_d004373,7,2,5,1
6,d_d000084,10,2,5,1
1,d_d003580,1,1,5,1
1,d_d003856,1,1,5,1
4,d_d004976,2,1,1,1
10,d_d000755,10,2,3,1
4,b_b000823,1,1,5,1
1,d_d008022,1,1,4,1
6,d_d000755,10,1,3,3
2,d_d005405,2,1,2,1
3,d_d001356,2,2,2,1
5,a_a000007,2,2,2,1
1,b_b002037,1,1,6,3
1,d_d000423,8,1,3,1
2,d_d008161,2,2,1,1
3,d_d003751,2,2,1,1
1,d_d000470,8,1,3,1
1,b_b003032,1,1,4,1
4,a_a002295,2,2,1,1
3,d_d009805,2,2,1,1
1,a_a005813,8,2,3,1
1,b_b012110,5,1,3,1
3,c_c002006,5,2,3,1
3,c_c002687,7,1,5,3
2,c_c003664,2,2,3,1
3,b_b004621,7,1,7,1
1,d_d006186,3,2,7,1
3,d_d006136,2,2,2,1
1,d_d005896,1,1,5,1
1,d_d003075,1,2,4,1
2,c_c004805,2,1,2,1
1,d_d003969,8,1,3,1
1,d_d000607,1,2,4,1
4,d_d011384,3,1,7,1
1,b_b004936,8,1,3,1
2,d_d000892,5,2,4,1
3,d_d001307,5,1,3,1
2,d_d002019,2,1,1,1
4,d_d008975,3,1,7,1
3,b_b001265,2,2,4,3
1,a_a004618,3,2,7,1
1,d_d009371,2,2,2,1
3,a_a000490,2,1,2,1
2,d_d009662,2,2,1,1
1,d_d012363,1,1,5,1
5,d_d009439,7,1,6,1
1,d_d004404,7,2,4,3
1,d_d002472,8,1,5,3
1,d_d006674,3,2,6,1
3,b_b004064,2,1,1,1
4,d_d003058,7,1,3,1
1,d_d010490,1,1,5,1
1,d_d003053,1,1,5,1
11,c_c002516,6,2,1,1
3,b_b015453,2,1,2,1
2,b_b008580,2,2,3,1
3,c_c001754,2,1,4,1
1,d_d001765,8,2,3,1
3,d_d000128,2,1,1,1
3,d_d002954,2,2,1,1
1,a_a004327,1,1,6,1
1,a_a000927,1,1,7,3
2,d_d008966,3,2,6,1
6,d_d001849,7,1,4,1
5,d_d002757,7,2,3,1
1,c_c000121,8,1,4,3
2,d_d002850,2,2,4,2
1,d_d004467,1,1,4,1
5,d_d001624,6,1,4,1
1,d_d009543,8,2,3,1
1,b_b000950,7,2,3,1
1,d_d009068,8,1,3,1
1,d_d004061,7,2,3,1
1,d_d001521,1,2,4,1
1,d_d000091,3,1,8,1
4,d_d009315,5,2,4,1
3,a_a006980,7,1,3,3
2,a_a009733,5,2,3,1
1,d_d004735,1,1,3,1
1,d_d001799,5,2,5,1
1,c_c001984,1,2,4,1
1,d_d002915,1,1,5,1
1,d_d000173,1,2,5,1
1,d_d001495,1,1,5,1
2,d_d006832,9,2,7,1
1,b_b000746,7,1,4,1
3,d_d008184,2,1,2,1
3,d_d001502,3,2,7,1
3,d_d002010,2,1,4,1
4,d_d000283,6,1,5,2
3,d_d000010,2,1,1,1
3,d_d003650,2,1,1,1
1,d_d004619,9,2,3,3
1,d_d000213,1,2,5,1
5,d_d001224,2,2,4,1
3,d_d004159,6,2,1,1
1,d_d000331,2,2,3,3
1,d_d012332,8,2,5,1
5,d_d001062,10,1,3,3
1,d_d000041,2,2,6,1
1,a_a015106,8,1,4,1
1,d_d007655,1,1,5,1
2,d_d000079,2,1,2,1
1,d_d004550,8,1,3,1
1,d_d002479,7,1,4,1
3,d_d000044,7,2,4,1
7,d_d001519,2,2,4,1
2,d_d001901,3,2,6,1
2,d_d009219,3,2,5,1
1,a_a000541,8,1,3,1
1,b_b003774,1,2,6,1
1,d_d002558,5,2,3,1
3,c_c002117,2,2,3,1
1,d_d012054,7,2,3,1
1,d_d004399,1,1,5,1
1,d_d004266,1,1,5,1
4,d_d009681,5,2,3,1
1,d_d000139,3,1,5,1
3,a_a001696,7,2,3,1
1,d_d000063,1,2,5,1
2,d_d009054,9,2,4,1
2,d_d007486,7,2,3,1
1,d_d004595,9,2,3,1
3,d_d009609,2,2,1,1
11,d_d006832,9,2,4,1
1,c_c002143,1,1,7,1
1,d_d006717,8,1,3,1
1,d_d004020,7,2,6,1
1,d_d003360,7,1,5,3
6,d_d000639,5,2,4,3
3,d_d001586,10,2,4,3
1,d_d007759,7,2,3,1
1,b_b003123,8,1,3,1
1,d_d000010,1,2,4,1
1,d_d000187,1,1,5,1
2,d_d000743,2,1,2,1
1,d_d002253,1,2,4,1
1,d_d002687,8,2,3,1
1,d_d002864,1,1,5,1
4,d_d000179,7,2,4,3
1,d_d009416,8,2,3,1
1,d_d009189,7,2,3,1
2,d_d004068,2,1,1,1
3,a_a000887,5,1,4,1
4,d_d009281,2,1,1,1
2,d_d002774,2,2,4,1
2,d_d001621,2,2,4,1
2,a_a001722,1,2,6,3
1,a_a003540,1,2,4,1
2,a_a002022,2,2,3,1
1,d_d002426,1,1,5,1
1,d_d010180,11,2,4,3
1,d_d002185,1,1,5,1
1,d_d000162,7,2,3,1
3,a_a001993,2,2,1,1
1,a_a004869,7,1,4,1
3,b_b008495,9,2,3,2
2,d_d000266,1,2,8,1
2,b_b003064,1,2,8,1
1,d_d012376,2,2,3,1
1,d_d001372,1,2,4,1
1,d_d010232,1,2,4,1
3,d_d001657,7,1,4,2
4,a_a015309,5,2,5,1
1,d_d002839,1,1,4,1
1,d_d001499,8,2,3,1
5,b_b002898,11,1,1,3
9,d_d001502,6,1,4,1
3,d_d004266,2,2,1,1
2,b_b007524,2,2,2,1
5,d_d005800,11,1,4,3
1,d_d001057,1,2,5,1
7,d_d003333,6,2,4,1
1,a_a006273,1,1,4,1
1,a_a005955,8,1,3,1
1,d_d001903,7,1,4,1
6,d_d010758,6,2,1,1
1,a_a012121,8,2,3,1
2,a_a000159,2,1,2,1
3,d_d005240,2,2,1,1
10,d_d004062,2,1,1,1
5,a_a001220,2,2,4,1
4,d_d000327,6,1,5,1
3,d_d009697,10,2,4,3
3,d_d001513,2,1,1,1
2,d_d000565,5,2,3,1
1,d_d010253,1,2,5,1
1,a_a005372,7,2,3,1
2,a_a003002,2,2,4,1
1,d_d000693,8,2,4,1
3,c_c002382,9,1,5,3
2,d_d004703,2,2,3,2
4,c_c003062,9,1,7,1
2,c_c000473,2,2,1,1
1,d_d000639,3,2,5,1
3,d_d000108,2,1,2,1
1,d_d000770,10,2,3,2
1,d_d001607,1,2,5,1
2,d_d004304,2,1,1,1
1,c_c000618,8,2,3,1
1,d_d002744,1,1,7,1
1,d_d000515,1,1,4,1
1,d_d002482,7,2,3,1
1,d_d002217,7,1,4,1
2,d_d001980,2,2,4,1
1,a_a014899,8,2,3,1
1,c_c003664,1,1,7,1
2,d_d001296,10,1,4,1
1,d_d009122,1,1,4,1
2,c_c002693,2,2,3,1
1,c_c002517,6,1,5,1
1,d_d001411,1,2,7,1
2,d_d000324,2,1,1,1
1,d_d001638,1,2,5,1
1,b_b002904,1,1,4,1
3,d_d002386,2,1,1,1
3,d_d002838,3,2,6,1
1,d_d001764,2,2,4,1
1,d_d003105,7,2,3,3
1,d_d000404,1,1,6,1
1,d_d009017,1,1,5,1
1,d_d002810,7,1,3,1
2,d_d002478,2,2,1,1
8,a_a001537,7,1,4,2
1,d_d007523,7,2,6,1
3,d_d000058,7,2,4,3
5,a_a000887,6,1,4,3
2,d_d000371,7,1,3,3
5,d_d000388,2,1,1,1
1,d_d003277,1,2,6,1
3,d_d002439,6,1,1,1
3,d_d011430,7,2,4,1
1,d_d003763,8,1,3,1
8,c_c002516,6,2,3,1
1,d_d001014,8,1,3,1
1,d_d009139,8,2,3,1
3,d_d001675,2,2,1,1
3,c_c001169,5,1,6,1
1,d_d000352,7,2,3,1
2,d_d000330,2,1,1,1
1,d_d000170,1,1,6,1
1,d_d001527,1,2,4,1
6,a_a004897,7,2,4,1
2,d_d002490,7,2,3,1
4,d_d000224,1,1,7,1
3,c_c002783,5,2,3,1
3,d_d002328,6,1,2,1
2,d_d010560,7,2,4,1
1,a_a005789,2,1,1,1
2,b_b002249,6,2,2,1
1,a_a002689,1,1,4,1
1,d_d001854,1,2,3,1
1,d_d005999,3,1,7,1
1,d_d008963,7,2,3,3
1,d_d003629,1,1,5,1
2,d_d005291,2,2,1,1
1,d_d009568,5,2,3,1
1,d_d002402,2,2,3,1
1,d_d009919,8,1,3,1
1,d_d003432,1,1,5,1
1,c_c006801,1,2,5,1
4,d_d004418,7,1,4,3
5,d_d002408,5,2,3,3
3,d_d004381,2,2,1,1
1,d_d007081,1,1,5,1
2,a_a000639,2,1,1,1
3,d_d002586,5,1,3,1
5,d_d000092,6,1,6,3
1,d_d005317,1,1,4,1
1,a_a001696,7,1,3,1
1,d_d004479,1,1,5,1
1,b_b005163,1,1,6,1
1,d_d004868,9,2,3,1
2,c_c002534,2,1,1,1
3,a_a000660,3,2,6,1
2,d_d001521,2,1,1,1
1,d_d003231,2,1,2,1
1,a_a000275,1,2,4,1
1,d_d009219,3,1,6,1
1,d_d001416,8,1,3,1
1,d_d003172,5,2,4,1
1,d_d003442,8,1,3,2
1,d_d003609,7,2,3,1
1,a_a000354,1,2,4,1
3,d_d000074,2,1,2,1
1,d_d005534,8,1,3,1
3,d_d006351,6,2,3,1
1,d_d000351,7,2,3,1
1,d_d005964,7,2,3,1
1,d_d002098,7,2,4,1
2,d_d004754,2,2,1,1
3,d_d001223,2,2,4,1
3,d_d000148,2,2,3,3
3,d_d000741,5,2,4,2
1,d_d007488,1,1,7,1
1,d_d006136,1,1,5,1
8,d_d011384,5,2,4,1
3,d_d001824,2,2,4,1
1,c_c005242,1,1,5,1
9,d_d000117,6,2,6,1
1,d_d010617,7,2,4,1
2,b_b002960,2,1,1,1
3,d_d000278,6,1,4,1
1,d_d009421,2,2,5,3
1,d_d010190,1,2,4,1
1,d_d005029,2,2,1,1
3,c_c004984,2,1,1,1
1,b_b006141,8,2,3,1
2,a_a002994,2,2,1,1
1,d_d001062,10,1,3,1
2,d_d000591,2,2,2,1
1,d_d000333,1,2,4,1
3,c_c000002,5,2,3,1
2,c_c001602,11,2,6,1
3,d_d005254,5,2,3,1
1,d_d008013,3,1,6,1
2,c_c000583,5,1,4,1
3,d_d000591,2,2,1,1
6,d_d012347,6,2,2,1
1,d_d002457,7,2,3,1
1,b_b000187,8,2,4,1
1,d_d001925,8,1,4,1
1,d_d003964,8,1,4,1
1,d_d000407,1,2,4,1
1,d_d007484,5,1,3,1
3,d_d009681,5,1,3,1
3,d_d002638,2,2,1,1
1,d_d001119,1,2,4,1
1,d_d003583,7,2,4,1
2,d_d001196,2,2,1,1
1,d_d009921,3,1,7,1
1,d_d005149,7,2,3,1
8,d_d005291,6,1,1,3
1,d_d004384,7,2,3,1
1,d_d001523,10,2,4,1
1,d_d001572,8,2,4,1
3,d_d002588,6,1,5,1
1,a_a010468,1,1,5,1
8,b_b006175,10,2,4,1
2,d_d000190,7,1,5,3
1,d_d001927,8,1,4,1
1,d_d002085,7,2,3,1
3,d_d000096,2,2,1,1
2,d_d001240,5,2,4,1
1,b_b011774,5,2,4,1
1,d_d004282,9,2,3,1
3,d_d004713,2,1,1,1
1,d_d009523,7,2,5,2
2,d_d001288,1,2,5,3
14,a_a001537,11,1,1,2
1,d_d002456,8,1,3,1
3,d_d001515,5,2,3,1
1,d_d005637,8,2,3,1
14,b_b002028,10,1,6,3
2,d_d001688,7,1,4,1
8,a_a000553,7,2,1,1
1,d_d003209,1,1,5,1
9,d_d000188,9,1,4,1
2,a_a001510,9,1,4,1
1,d_d004450,7,2,4,1
2,d_d009485,2,2,1,1
5,d_d008975,3,2,7,1
1,d_d001396,8,2,4,1
3,d_d000308,7,2,3,1
1,a_a001517,7,1,4,1
2,d_d009122,2,2,1,1
1,d_d007122,7,1,3,1
2,b_b010046,2,1,1,1
5,d_d009808,6,1,3,1
1,d_d000451,1,1,6,1
1,d_d004770,7,2,3,1
2,d_d004411,2,1,2,1
3,d_d001845,7,2,3,1
1,d_d002305,1,2,4,1
3,d_d000284,2,2,2,1
3,d_d004915,9,2,4,1
1,d_d001146,7,2,3,1
3,d_d009893,2,2,1,1
1,d_d009437,7,1,4,1
1,a_a003343,8,1,4,1
3,d_d009175,2,1,2,1
3,a_a001527,7,1,4,1
1,d_d009000,5,1,3,1
1,d_d009396,1,1,4,1
2,d_d003876,2,1,1,1
7,a_a000660,2,2,4,1
1,d_d009883,1,2,4,1
1,b_b001747,1,1,5,1
1,b_b009828,8,2,3,1
1,d_d007783,11,2,3,1
3,d_d000080,7,1,6,3
1,b_b011144,7,1,3,1
4,d_d000117,2,2,3,1
3,d_d001776,2,2,1,1
3,d_d005338,2,2,1,1
1,d_d002090,1,1,8,1
1,d_d006290,8,1,3,1
2,d_d001476,7,1,4,3
1,d_d006278,7,2,3,1
2,d_d001031,2,2,4,3
1,d_d010226,8,1,3,1
1,d_d007698,3,2,7,1
1,d_d000268,1,1,5,1
1,d_d007388,9,1,3,1
2,d_d003180,2,1,1,1
1,d_d002972,5,2,4,1
1,d_d000811,7,1,3,1
4,d_d002476,2,1,1,1
3,d_d004838,5,1,4,1
2,d_d010354,10,1,3,1
3,d_d000866,7,1,3,1
2,d_d009039,7,2,4,1
4,d_d004906,7,1,4,2
3,a_a010468,2,1,2,1
1,d_d009788,7,2,3,1
2,d_d004201,7,2,4,1
2,a_a007289,2,1,1,1
1,d_d001229,8,1,4,3
1,d_d012304,8,1,4,1
3,d_d004241,2,2,1,1
8,d_d002473,11,1,2,1
3,a_a002913,6,1,1,1
1,d_d007467,3,2,6,1
1,d_d002130,7,2,3,3
1,d_d002408,3,1,5,1
1,d_d005988,1,1,6,1
2,d_d002256,7,1,3,2
2,d_d009236,2,1,2,1
2,b_b004621,7,1,7,1
1,d_d009301,8,2,3,1
1,d_d000200,8,2,3,1
9,d_d002345,6,2,1,1
2,d_d000349,2,2,2,1
4,d_d001276,6,1,4,3
1,d_d009007,2,1,5,2
5,d_d004418,7,1,4,3
5,a_a003278,7,1,4,1
1,a_a002625,1,1,6,1
3,a_a003214,2,2,1,1
3,d_d001980,3,1,7,1
2,d_d006215,1,1,7,1
8,d_d001993,7,2,6,1
2,a_a005055,2,2,4,1
1,d_d012350,7,1,4,1
2,d_d009683,3,2,8,1
2,d_d001856,2,2,3,1
2,c_c003198,2,2,3,1
1,d_d002465,8,2,3,1
1,d_d010667,8,1,3,1
1,d_d000249,2,1,4,1
8,d_d000084,10,2,6,2
1,d_d001006,7,1,3,1
1,d_d000160,1,2,5,1
5,d_d010758,6,1,4,3
2,a_a006612,5,2,4,1
1,d_d000955,1,1,7,1
1,a_a002559,7,1,4,3
6,b_b002898,11,2,1,3
1,b_b000708,1,1,4,1
3,a_a011717,2,1,1,1
3,c_c002171,5,1,3,1
1,d_d003200,8,1,3,1
2,d_d003461,2,2,2,1
5,d_d002325,5,2,4,1
3,c_c002513,10,1,6,1
1,b_b001981,1,2,6,1
2,d_d006761,7,2,3,1
1,d_d004869,8,1,3,1
2,d_d005800,11,1,7,3
1,a_a004407,7,1,4,3
2,b_b001752,7,2,3,1
2,d_d006753,3,2,6,1
2,d_d002311,2,2,1,1
1,d_d004827,2,2,4,1
3,d_d002137,5,2,3,1
3,d_d004316,2,2,1,1
1,c_c003954,1,2,5,1
3,a_a001517,7,1,4,1
3,b_b001355,5,1,4,1
3,d_d007655,2,1,1,1
2,a_a004814,7,2,4,1
3,d_d008966,5,2,3,1
3,a_a000354,7,2,4,3
1,d_d009236,1,1,5,1
2,d_d000992,1,2,6,1
2,d_d002816,2,1,1,1
1,d_d004458,8,2,4,1
1,d_d000560,1,1,4,1
1,d_d002087,8,2,4,1
2,d_d004081,2,2,1,1
3,d_d000527,7,1,3,1
20,b_b002028,10,1,8,3
1,d_d000429,1,2,4,1
1,d_d002791,8,2,3,1
1,d_d002400,8,1,4,1
1,d_d003141,1,2,4,1
2,d_d000046,2,2,1,1
2,c_c005361,3,2,6,1
1,d_d009449,7,2,4,1
5,b_b000512,3,2,7,1
1,b_b004543,1,1,5,1
1,d_d009087,1,1,5,1
4,d_d002345,2,1,1,1
11,d_d000181,7,1,2,1
1,d_d011264,7,2,4,1
5,a_a000660,6,1,5,2
1,b_b003039,7,2,4,1
1,b_b002448,1,2,4,1
1,b_b012056,8,1,4,1
1,d_d010061,8,1,3,1
3,d_d010973,7,1,3,3
3,d_d006667,2,2,2,1
2,d_d011430,7,2,4,1
1,c_c003081,3,2,4,1
2,d_d001224,2,1,2,1
2,d_d001413,5,1,4,1
1,b_b004971,1,1,4,1
5,c_c002824,3,2,7,1
3,a_a000757,10,1,6,1
1,d_d002015,8,1,3,1
1,d_d005540,1,1,4,1
1,a_a003022,1,2,4,1
1,d_d012273,1,2,5,1
3,d_d007038,2,1,1,1
2,a_a006666,2,2,1,1
3,c_c001068,7,1,3,3
1,d_d001639,8,2,3,1
2,d_d003851,2,1,1,1
1,d_d000990,9,1,3,1
1,d_d002973,1,2,5,1
3,d_d000584,7,2,3,3
1,a_a002384,7,2,3,1
2,d_d003030,2,1,2,1
4,d_d000824,7,2,3,3
2,d_d000213,2,2,1,1
3,d_d001805,11,1,1,1
2,a_a000333,2,2,2,1
1,d_d000035,8,1,4,1
5,d_d002473,10,2,5,1
1,d_d003686,7,2,4,3
1,d_d009783,11,1,1,1
1,d_d000149,1,1,5,1
1,d_d003333,5,2,3,1
1,d_d001800,1,1,7,1
3,b_b002960,2,1,1,1
3,d_d001409,10,1,4,1
1,d_d003704,1,1,5,1
1,d_d000561,8,2,4,1
1,d_d009206,1,1,5,3
14,c_c006685,10,1,6,1
3,d_d002494,2,2,4,1
1,d_d009779,5,2,3,2
1,a_a012249,7,2,3,1
1,d_d000740,1,1,5,1
3,d_d001087,7,2,3,1
2,d_d004431,2,2,1,1
4,c_c002824,2,1,4,1
3,d_d007799,3,1,8,1
4,b_b004543,5,1,4,1
2,d_d003000,2,1,1,1
1,d_d003939,2,1,3,1
1,d_d000222,1,2,4,1
1,d_d000543,10,2,4,1
4,a_a000007,2,2,2,1
1,d_d011457,8,1,3,1
1,d_d002784,8,2,4,1
1,d_d003681,8,1,3,1
2,d_d000120,2,2,2,1
1,d_d009681,3,1,6,1
2,d_d001160,2,2,1,1
1,d_d006191,7,2,3,1
2,a_a002047,2,2,4,1
3,a_a001396,5,1,5,3
1,d_d004801,7,2,3,1
3,d_d005862,2,2,1,1
3,d_d008013,5,2,3,1
1,d_d002586,1,1,6,1
1,d_d000479,7,2,3,1
1,d_d009683,1,1,5,1
6,d_d002703,9,1,4,3
2,a_a005663,2,2,3,1
2,d_d010576,2,2,1,1
1,d_d000285,2,1,4,1
3,d_d003360,7,2,5,3
1,d_d005254,1,1,6,1
2,d_d000411,2,2,1,1
1,d_d004725,1,2,4,1
7,d_d000755,10,1,3,3
1,d_d000841,7,2,4,1
2,d_d002588,5,2,4,1
4,d_d000097,5,2,4,2
12,d_d000181,7,2,2,1
3,d_d005792,5,2,3,1
1,d_d000840,7,1,4,1
3,d_d001925,7,2,4,2
1,d_d002421,8,2,4,1
2,d_d006136,2,1,2,1
4,a_a003002,1,1,5,1
1,a_a000905,8,1,4,3
5,c_c001813,2,2,4,3
2,d_d003534,5,2,5,1
1,d_d001616,1,2,4,1
2,b_b006000,2,2,3,1
2,d_d001892,2,2,2,1
1,d_d007004,8,1,3,1
2,c_c002579,2,2,1,1
4,d_d003719,7,2,6,1
1,d_d005056,7,1,5,1
2,c_c001100,2,1,2,1
1,c_c000293,8,2,3,1
1,d_d008119,8,1,4,3
1,d_d005094,1,2,5,1
1,d_d001783,1,1,5,1
1,d_d001060,8,1,3,1
2,d_d001339,7,1,5,1
5,d_d012310,3,2,8,3
1,a_a008632,2,2,3,1
1,d_d003135,1,2,5,1
1,d_d000371,7,1,3,3
3,b_b000650,5,2,3,1
1,b_b014141,1,1,4,1
1,c_c000873,7,1,5,1
3,d_d002157,6,2,3,1
1,d_d003456,8,1,4,1
3,d_d009367,7,2,3,1
4,a_a000660,5,1,3,1
1,d_d009073,7,2,3,1
2,d_d001994,2,1,2,1
1,d_d009620,1,2,4,1
1,d_d000884,7,2,4,1
2,d_d010391,2,2,1,1
3,d_d000990,9,1,4,2
1,d_d005076,8,1,3,3
3,c_c003062,11,2,6,1
1,d_d003731,1,1,4,1
4,d_d002470,2,2,1,1
1,d_d000669,1,1,6,1
2,c_c006685,10,1,7,1
1,d_d001874,1,1,5,1
1,d_d003889,1,2,4,1
5,d_d000527,7,1,3,3
1,d_d001554,7,2,4,1
1,d_d000431,1,2,4,1
2,b_b000140,1,1,5,1
3,d_d001693,7,2,3,2
1,d_d003344,1,1,4,1
1,d_d005235,1,1,3,1
3,d_d000181,2,2,1,1
1,d_d004389,7,2,4,1
1,d_d000918,7,1,4,1
2,c_c002880,9,1,3,1
1,d_d002758,1,1,6,1
2,d_d000248,5,1,5,1
2,d_d000296,2,1,2,1
2,d_d004168,11,1,3,1
1,d_d002994,1,1,4,1
1,d_d001621,1,1,7,1
1,d_d000337,1,2,4,1
1,d_d010245,3,2,7,1
13,b_b002028,10,1,7,3
1,d_d010462,8,1,3,1
6,d_d000092,6,2,6,3
1,c_c002769,1,1,5,1
2,d_d001389,2,1,1,1
2,d_d000063,2,1,2,1
1,d_d009126,1,2,7,1
3,d_d002051,7,2,3,1
1,d_d009452,1,1,5,1
1,d_d010225,7,2,4,1
1,d_d005976,2,1,5,1
1,d_d002118,8,1,3,3
1,d_d003169,8,2,4,1
1,d_d006648,8,1,3,1
3,d_d003721,2,2,2,1
2,a_a010468,2,2,2,1
3,d_d001941,7,2,4,1
1,c_c003062,1,2,6,1
3,b_b002109,7,2,4,3
7,d_d011384,3,2,7,1
1,c_c004286,1,2,4,1
1,d_d001535,8,2,3,1
2,d_d001549,2,2,1,1
8,d_d000755,10,2,3,1
9,a_a000660,6,2,6,1
2,d_d002586,2,2,3,1
1,d_d000304,7,1,3,1
3,d_d000224,6,1,1,1
1,a_a002812,7,2,3,1
3,a_a008679,2,1,1,1
3,d_d007184,5,2,4,1
1,d_d009986,7,1,3,2
1,d_d009192,8,1,3,1
1,d_d002924,8,1,4,1
4,d_d000091,2,2,5,1
6,d_d007389,7,2,3,2
4,d_d001409,10,1,4,1
3,d_d011384,2,2,1,1
1,d_d001282,7,1,4,1
3,d_d002308,5,2,4,1
3,d_d002298,5,2,5,1
1,a_a000606,1,2,4,1
3,d_d002273,6,2,4,3
1,d_d005997,2,2,4,1
1,d_d003650,1,1,4,1
3,c_c002534,2,1,1,1
1,c_c003313,8,1,3,1
6,a_a002488,6,1,1,1
1,a_a002461,8,1,3,1
1,d_d000319,1,1,6,1
2,a_a008260,2,2,4,1
3,a_a003097,2,1,1,1
1,d_d003133,1,2,6,1
1,c_c002443,8,2,3,1
2,d_d003580,2,1,2,1
1,d_d005539,1,1,5,3
3,d_d001015,7,1,3,1
1,b_b002028,9,1,6,1
2,a_a002559,7,2,4,3
2,a_a000007,2,2,4,1
1,d_d003481,1,1,5,3
3,d_d006140,2,1,1,1
2,d_d003156,7,2,4,1
1,d_d004592,1,1,4,1
3,d_d011349,5,1,3,1
1,d_d007594,1,1,4,1
2,b_b007514,9,1,5,1
1,d_d000867,1,1,7,1
2,c_c002006,2,2,3,1
1,d_d004538,2,1,1,1
1,d_d001686,8,2,3,1
3,d_d001764,3,2,7,1
3,d_d004733,2,2,2,1
1,a_a002976,7,2,4,1
1,d_d001087,7,2,3,1
1,a_a003912,8,2,4,1
1,d_d000591,1,2,5,1
2,d_d002242,2,2,3,1
1,d_d008062,8,2,4,1
1,d_d001224,1,1,5,1
6,d_d002838,6,1,4,1
1,d_d010736,8,1,4,1
4,d_d002397,5,1,4,1
1,d_d000909,8,1,3,1
3,c_c002134,2,1,2,1
13,d_d000181,7,1,1,1
1,d_d000248,2,2,5,1
1,d_d009208,2,2,1,1
3,b_b010046,2,1,1,1
1,d_d001362,7,2,3,1
2,d_d001545,6,2,4,1
2,d_d009158,3,2,7,1
3,d_d002770,7,1,3,1
1,a_a003264,2,2,5,1
3,d_d007523,9,2,5,1
1,d_d001071,7,2,3,3
5,c_c003909,11,2,6,3
1,d_d002494,1,1,4,1
1,d_d001181,1,1,4,1
2,d_d001836,7,1,6,2
7,c_c000260,7,2,4,3
1,d_d000856,1,2,4,1
1,d_d001696,1,1,5,1
1,d_d006004,8,1,3,1
2,d_d010343,2,2,2,1
5,d_d000188,7,1,3,1
1,c_c004084,7,1,3,1
1,d_d012318,1,2,5,1
2,d_d005997,5,2,4,1
1,d_d000079,1,2,5,1
1,c_c000505,2,2,6,1
1,d_d002774,1,1,7,1
2,d_d002408,2,2,1,1
2,b_b000708,2,2,1,1
1,d_d012254,7,2,3,1
2,a_a014564,10,2,4,1
2,d_d000920,2,2,2,1
5,d_d001326,7,2,5,1
1,d_d009852,1,1,4,1
1,d_d001435,1,2,4,2
3,d_d003645,2,2,1,1
1,d_d009252,8,1,3,1
1,d_d001728,3,1,6,3
2,d_d002476,2,1,1,1
1,d_d007128,1,1,5,1
7,d_d002473,2,1,2,1
1,b_b012519,3,1,6,1
4,d_d001941,7,2,4,1
3,d_d001545,6,1,5,1
2,d_d007128,2,1,2,1
1,b_b004552,1,2,5,1
2,d_d011338,2,2,2,1
1,d_d010622,8,2,4,1
1,d_d000473,1,1,4,1
2,a_a006269,2,1,1,1
3,d_d001844,5,1,4,1
2,d_d007389,7,1,3,2
2,d_d002839,2,2,1,1
2,d_d007489,2,2,3,1
1,d_d003910,1,1,5,1
1,d_d000097,3,1,4,3
2,d_d003333,3,2,5,1
2,d_d000162,7,2,3,1
1,d_d001502,4,1,8,1
1,d_d001226,2,2,3,1
3,d_d002671,6,1,1,1
1,d_d001816,2,2,3,1
1,d_d000317,5,1,3,1
3,d_d007393,2,2,1,1
1,d_d002096,5,2,3,2
2,d_d009969,2,2,1,1
2,a_a000353,2,1,1,1
2,a_a004958,6,1,2,1
1,d_d000283,2,2,3,1
1,d_d005310,1,1,5,1
11,c_c006685,10,1,6,1
7,d_d006832,9,2,4,1
1,d_d001935,2,2,4,1
2,d_d000222,2,2,1,1
3,d_d010257,2,2,1,1
4,b_b006175,7,2,3,1
4,d_d002473,10,2,5,1
1,b_b002655,2,2,4,1
2,b_b006613,2,1,1,1
1,d_d000998,7,2,5,1
1,d_d002004,2,2,4,3
1,d_d000527,7,2,3,1
1,d_d003828,8,1,4,1
17,c_c006685,10,1,5,1
1,d_d000095,2,2,2,1
5,d_d001523,10,1,4,1
2,d_d005165,2,1,2,1
3,d_d000339,5,1,4,1
2,d_d003629,2,1,1,1
1,d_d011374,1,2,5,1
7,d_d002703,9,1,5,3
1,d_d000751,8,1,3,1
3,d_d001544,6,1,2,1
3,a_a002295,2,2,2,1
6,d_d002694,10,2,4,1
2,c_c003954,2,2,2,1
13,a_a001537,7,2,4,2
1,d_d000134,1,2,5,1
1,a_a006040,2,1,5,1
3,a_a001537,2,1,1,1
1,d_d012369,1,2,5,1
1,a_a000826,2,1,3,1
1,d_d000400,8,2,4,1
3,d_d011513,2,2,2,1
3,d_d001610,2,1,1,1
2,d_d001016,6,1,1,1
4,a_a005372,7,1,3,1
1,d_d001434,1,1,5,1
1,d_d000685,8,2,3,1
3,a_a005580,5,1,4,1
2,d_d002987,2,1,2,1
1,d_d000749,7,2,4,1
1,d_d004767,1,1,4,1
3,c_c000137,6,1,7,3
4,d_d009819,7,1,3,3
8,d_d002345,6,1,1,1
3,d_d012273,2,1,2,1
1,d_d001862,8,2,3,1
1,d_d003060,5,2,4,3
1,d_d004888,8,1,4,1
1,d_d002447,7,1,4,1
1,b_b014337,7,2,7,1
1,d_d005062,7,2,6,1
1,b_b006000,1,2,6,1
1,d_d010185,3,2,7,1
3,b_b000453,3,1,7,3
4,a_a000394,2,1,4,1
1,d_d002325,2,1,4,1
1,c_c004480,7,1,3,2
2,d_d002251,10,2,4,3
2,d_d001356,2,1,2,1
12,a_a003533,7,1,4,1
2,d_d003563,7,2,3,2
1,d_d002311,1,2,5,1
1,d_d000278,1,2,4,1
1,d_d000308,7,2,3,1
2,a_a008710,2,2,4,1
4,b_b014337,7,2,7,1
1,d_d003751,2,2,2,1
1,d_d012299,8,2,3,1
1,a_a006124,8,2,3,3
1,d_d002135,2,2,4,1
1,d_d001364,2,2,3,1
3,d_d002457,7,2,3,3
3,d_d001707,7,2,4,3
2,d_d009302,3,2,6,1
13,d_d000373,9,2,3,1
3,d_d000404,2,2,3,1
5,d_d002590,6,1,4,2
2,d_d009609,2,1,1,1
1,a_a002113,1,2,4,1
1,d_d002122,8,1,3,1
1,d_d001662,8,1,4,1
2,d_d000740,2,2,1,1
1,d_d004451,8,2,3,1
2,d_d004733,2,2,2,1
2,b_b004339,2,2,1,1
5,d_d001606,9,2,3,2
4,d_d000684,6,2,7,1
1,a_a002062,8,1,4,1
1,a_a010180,1,1,7,1
1,d_d001288,11,2,4,2
1,c_c000260,1,2,4,1
4,a_a001527,7,1,3,1
1,d_d003065,2,2,3,1
1,d_d007871,1,2,4,1
2,c_c001984,2,2,1,1
1,c_c000385,8,1,5,1
1,d_d001476,7,1,4,3
1,d_d000928,1,2,6,1
1,d_d000305,1,1,4,1
1,d_d002223,7,1,4,1
1,a_a001527,7,1,4,1
1,a_a007331,1,2,4,1
9,d_d001849,7,2,4,1
1,d_d007942,7,2,5,1
1,d_d001835,8,2,4,1
12,d_d000373,9,2,3,1
1,d_d012370,1,1,5,1
3,d_d004747,5,2,5,1
1,d_d003111,1,1,5,1
1,d_d002500,8,1,3,1
4,d_d010758,5,1,4,1
3,d_d000684,6,1,4,1
8,a_a000660,6,2,8,1
1,d_d010842,7,1,4,1
1,d_d004179,8,1,3,1
4,d_d002590,5,2,4,2
1,d_d006672,1,2,4,1
1,a_a001653,2,2,2,1
2,d_d002663,2,2,1,1
7,c_c004984,6,1,1,1
1,d_d009756,7,2,4,1
1,d_d002933,8,1,4,1
3,b_b000836,7,1,5,1
2,d_d002432,1,1,4,1
1,d_d002798,1,2,6,1
2,d_d004713,2,2,4,1
2,d_d008115,2,1,1,1
2,a_a006273,2,1,1,1
1,d_d005398,7,1,4,1
1,a_a004177,8,1,3,1
1,d_d001240,1,1,4,1
1,d_d000339,2,1,4,1
3,d_d000395,5,1,5,1
4,d_d000188,7,1,3,1
1,c_c004307,2,1,5,1
4,d_d007467,6,1,1,1
1,d_d012321,1,1,5,1
3,d_d000724,5,1,6,3
3,d_d000039,2,2,1,1
3,d_d004081,2,1,1,1
2,d_d006946,2,1,1,1
5,d_d001555,5,2,6,1
1,d_d001624,1,2,5,1
3,d_d000054,2,1,2,1
2,d_d000233,2,2,2,1
1,d_d010367,1,1,4,3
2,d_d010450,2,1,2,1
1,d_d001675,1,2,4,1
1,d_d002303,7,1,3,1
2,d_d009681,3,2,6,1
1,d_d012307,2,1,1,1
2,d_d004865,2,1,2,1
1,d_d002086,1,1,6,1
1,c_c001107,1,2,6,1
1,d_d005759,8,2,3,1
3,d_d007600,7,1,3,1
2,d_d003395,2,1,1,1
1,d_d005261,1,1,6,1
2,d_d000097,6,1,1,1
1,d_d001126,7,2,5,1
1,d_d009589,7,2,3,2
1,b_b000516,1,2,4,1
2,d_d004609,7,1,3,2
3,a_a000652,7,1,4,3
1,d_d002631,1,1,5,1
2,d_d009804,2,2,1,1
2,d_d006321,7,2,3,1
1,d_d003977,1,1,6,1
4,c_c000002,5,2,3,1
2,d_d000840,7,1,4,1
2,d_d001216,6,2,1,1
1,d_d010735,1,1,4,1
2,d_d005896,4,1,8,1
1,d_d004381,1,1,4,1
1,d_d008096,1,1,4,1
1,d_d000430,8,1,4,1
2,a_a008679,2,2,2,1
2,b_b000205,2,2,2,1
1,d_d003024,8,2,3,1
1,d_d001325,8,1,4,1
1,d_d002251,10,2,3,1
2,d_d001527,2,1,1,1
1,a_a001255,2,1,1,1
1,d_d001279,8,1,4,1
4,d_d001800,5,2,3,3
1,d_d009956,8,2,3,1
2,d_d001347,2,2,3,1
1,d_d009186,5,2,5,1
2,d_d012446,2,1,1,1
2,d_d009697,10,1,4,3
1,d_d006711,1,1,6,1
1,a_a002495,2,1,2,1
1,d_d008255,3,1,6,1
1,d_d010551,3,1,7,3
4,d_d001591,11,2,1,1
1,d_d005620,8,2,3,1
2,d_d002470,2,2,1,1
1,d_d006021,7,1,3,1
1,a_a000757,10,1,7,1
4,c_c000356,10,2,2,1
1,d_d001879,8,1,4,1
2,a_a000343,1,2,8,1
6,d_d000990,11,1,3,2
2,d_d003196,2,1,1,1
1,d_d003369,3,2,7,1
3,d_d004054,2,2,1,1
2,d_d002184,5,1,3,1
2,d_d007548,3,1,7,2
1,a_a000671,1,1,4,1
2,d_d006743,7,2,4,1
2,d_d001409,10,2,4,1
2,d_d000010,2,1,1,1
2,d_d000878,2,1,2,1
2,c_c002138,2,1,1,1
3,d_d000466,6,2,1,1
2,d_d000870,2,1,2,1
2,d_d000139,3,2,5,1
1,d_d010217,3,1,7,1
2,d_d002195,11,2,6,1
4,d_d005291,5,2,4,1
2,a_a000047,2,1,1,1
4,d_d003333,6,2,5,3
1,d_d009361,7,2,5,1
1,c_c004517,7,2,3,1
2,a_a000887,2,2,3,1
2,a_a000559,2,2,4,1
1,d_d002770,7,2,3,1
3,d_d003608,2,1,1,1
2,d_d002949,2,1,1,1
1,d_d001403,7,2,4,1
3,d_d012203,5,1,4,1
2,a_a011008,2,2,2,1
2,d_d000331,5,2,4,1
10,c_c002516,6,2,3,1
2,c_c000263,2,2,3,1
1,d_d004883,8,1,3,1
1,d_d000893,11,1,4,1
2,d_d011493,2,1,1,1
2,d_d001580,2,2,1,1
1,d_d003861,1,2,4,1
1,a_a005465,1,1,7,3
1,d_d004816,7,2,5,1
2,d_d004725,2,1,1,1
3,d_d007467,5,2,4,1
3,d_d009158,5,1,4,3
2,a_a007368,2,1,1,1
2,d_d001849,7,1,6,1
2,d_d006185,2,1,1,1
6,d_d000684,6,2,4,1
4,d_d002923,2,2,1,1
1,a_a010014,1,2,4,1
1,d_d009315,3,1,7,1
2,d_d009770,2,2,1,1
1,d_d000101,1,2,5,1
4,c_c002788,6,2,1,1
2,d_d012248,2,1,1,1
2,d_d010575,3,2,6,1
1,d_d000185,8,1,4,1
2,d_d000451,2,2,3,1
2,d_d001845,7,2,3,1
3,d_d000145,5,2,3,1
1,b_b004621,7,1,7,1
2,d_d000684,2,1,1,1
1,d_d004953,1,1,7,1
2,d_d005338,2,2,1,1
2,d_d002631,2,1,1,1
2,c_c001869,2,2,1,1
2,d_d002923,2,1,1,1
1,d_d001841,7,2,3,1
2,d_d003101,2,2,1,1
2,d_d002181,6,1,3,1
2,c_c004984,2,2,2,1
6,d_d002681,6,1,6,1
4,d_d009728,10,2,2,2
1,d_d002029,1,2,6,1
4,a_a000553,7,2,5,1
2,d_d002810,7,1,3,1
1,c_c000684,8,2,3,1
2,d_d002802,1,1,7,3
1,d_d006991,1,2,5,1
4,d_d012347,6,2,5,1
6,a_a012195,7,2,1,1
1,d_d001115,5,2,4,1
1,d_d001345,7,2,4,1
1,d_d009467,8,1,3,1
4,b_b002028,10,1,7,3
4,d_d001545,6,1,1,1
2,d_d012400,2,1,1,1
14,d_d002473,11,2,2,1
3,d_d003180,2,1,1,1
2,d_d003907,2,1,4,1
1,d_d004432,1,2,4,1
1,d_d006942,5,2,3,1
1,d_d012391,1,1,6,1
2,b_b005018,9,1,4,1
3,a_a003857,9,2,6,1
5,d_d007600,7,2,3,1
1,d_d000159,1,2,5,2
2,d_d010250,2,1,1,1
8,b_b002120,11,2,1,1
3,d_d010215,5,2,3,1
7,d_d002694,10,2,3,1
1,c_c001869,1,2,4,1
3,d_d001842,5,1,4,1
1,a_a004840,8,2,4,1
6,d_d008975,5,2,3,1
6,a_a003857,9,2,6,1
2,d_d003472,1,1,4,1
1,d_d004186,1,1,5,1
1,d_d010315,2,2,2,1
1,d_d002958,1,1,4,2
3,d_d003720,2,2,2,1
4,d_d002802,5,1,4,3
1,d_d009281,3,2,7,1
2,d_d000480,2,2,3,1
3,d_d002895,2,2,1,1
1,c_c003209,8,2,4,1
5,d_d001993,7,1,6,1
1,d_d003050,1,2,5,1
1,d_d010414,8,1,3,1
1,d_d004957,1,1,5,1
2,b_b001015,2,2,3,1
2,d_d003910,2,2,2,1
1,d_d008965,1,1,4,1
3,d_d007660,2,2,2,1
1,d_d001589,2,2,1,1
1,d_d012342,2,2,2,1
1,d_d000721,8,1,4,1
2,d_d001615,5,1,3,1
1,d_d003019,1,2,4,1
2,b_b002162,7,2,6,1
1,d_d007365,8,1,3,1
1,d_d000103,1,1,5,2
1,b_b002794,1,2,5,1
1,d_d001360,8,1,4,1
1,c_c002988,5,2,5,1
1,d_d003005,7,2,4,1
2,a_a011414,2,1,2,1
5,d_d000041,5,2,5,1
2,d_d006649,7,2,6,1
8,d_d002906,6,2,1,1
5,d_d009805,7,2,4,1
3,a_a005372,7,1,3,1
3,a_a004336,5,1,3,1
1,d_d004407,1,2,5,1
3,d_d000357,5,2,4,1
1,a_a003097,1,1,5,1
1,d_d005526,1,1,5,1
1,a_a007485,1,2,5,1
1,d_d001443,8,2,4,1
1,d_d002269,1,2,4,1
1,d_d006138,8,1,3,1
2,a_a012239,2,2,1,1
2,d_d003840,2,2,1,1
3,d_d000130,2,2,1,1
2,a_a000630,2,2,1,1
1,a_a004017,1,2,6,1
1,d_d011338,1,1,5,1
1,d_d009051,8,1,3,1
1,d_d006237,1,2,4,1
3,d_d006672,2,1,1,1
5,d_d002955,6,1,1,1
2,d_d010842,7,1,4,1
2,d_d008180,7,1,3,1
2,d_d001158,2,2,2,1
1,d_d002195,11,2,5,1
1,d_d006801,7,1,3,1
1,d_d007825,7,1,3,1
1,d_d011813,7,2,3,1
1,d_d003098,7,2,3,1
3,d_d003591,6,2,1,1
1,d_d003170,1,1,5,2
1,d_d001629,3,1,6,1
1,c_c002415,1,2,6,1
1,d_d004269,1,2,4,1
3,d_d003044,9,2,6,1
1,c_c001993,8,1,4,1
1,d_d006351,5,1,6,1
1,d_d003795,7,2,5,1
1,d_d005979,1,1,4,1
1,d_d001159,7,1,4,3
1,a_a004636,1,2,6,1
3,a_a000409,7,2,4,3
1,a_a002904,8,1,3,1
3,d_d001616,2,1,4,3
1,d_d007812,8,1,3,1
1,d_d000494,3,1,7,1
8,b_b002028,10,1,6,3
1,d_d003168,11,2,2,1
1,a_a000630,1,1,4,1
1,d_d012396,1,1,4,1
2,c_c003424,7,1,4,1
1,d_d000096,1,2,4,1
1,d_d000276,1,1,4,1
1,d_d001223,1,1,7,1
3,d_d000173,2,1,1,1
1,d_d001794,7,1,4,1
1,d_d009717,7,2,4,1
4,a_a013806,6,1,4,3
1,d_d003395,1,1,5,1
1,d_d002026,7,2,4,1
2,d_d010098,7,1,3,1
3,d_d006237,7,2,4,1
1,d_d007963,3,1,7,1
2,d_d001661,2,2,1,1
3,d_d001961,2,2,1,1
7,d_d002495,6,1,1,3
3,d_d001688,7,2,4,2
5,c_c002143,6,2,7,1
1,d_d012326,2,1,1,1
2,d_d001630,7,2,3,1
2,d_d000039,2,1,2,1
1,d_d001084,1,2,4,1
1,d_d005789,8,2,3,1
2,d_d012391,2,2,1,1
1,d_d002850,5,2,3,1
1,b_b004150,8,1,4,1
1,d_d005903,1,2,4,1
4,a_a000328,2,1,1,1
3,b_b002120,2,2,4,1
2,d_d010750,3,2,7,1
1,d_d002137,1,1,6,1
1,a_a006466,2,2,5,1
1,d_d002055,8,1,3,1
2,d_d000990,9,1,3,1
1,d_d004453,1,1,4,1
1,d_d002481,1,1,5,1
1,c_c000784,2,1,5,3
1,c_c007653,7,1,4,1
3,d_d000233,2,2,2,1
3,d_d003333,2,2,3,1
1,d_d000741,1,1,7,1
2,d_d003719,7,2,6,1
2,d_d004324,7,2,3,1
1,d_d009480,3,2,7,1
3,d_d000463,7,2,5,3
3,d_d001224,2,1,1,1
3,d_d007500,7,2,4,1
2,d_d005925,2,1,2,1
4,d_d004713,6,2,2,1
3,d_d004858,7,2,4,1
3,d_d000676,2,2,1,1
8,d_d004159,6,2,1,1
2,d_d010661,2,2,3,1
1,d_d001588,8,2,3,3
1,d_d000373,9,1,4,1
2,d_d006902,2,1,1,1
2,d_d004366,2,2,4,1
5,d_d002033,11,1,3,1
1,d_d000040,1,2,6,1
8,a_a004897,7,2,1,1
1,d_d002134,2,2,3,1
1,d_d003000,1,1,4,1
2,d_d009396,5,2,3,1
2,b_b002795,7,2,3,1
3,d_d001976,5,1,4,1
3,d_d000895,5,2,2,1
3,a_a000394,6,1,1,1
3,b_b003861,5,1,3,1
8,d_d006832,9,2,4,1
2,d_d010612,7,2,5,1
2,b_b000218,7,1,5,2
3,d_d004964,10,2,5,2
3,d_d001076,11,1,5,1
2,a_a003278,7,1,4,1
1,d_d010030,7,2,3,1
7,d_d004159,6,1,5,1
2,d_d001522,6,2,1,1
1,d_d002213,7,2,4,1
4,d_d009800,7,2,3,2
5,c_c002516,5,1,6,1
2,a_a001527,7,1,4,1
7,b_b002120,11,1,5,1
3,d_d009816,2,2,1,1
1,d_d004646,8,1,5,1
1,d_d007774,8,2,3,1
1,d_d000677,1,1,5,2
1,d_d010973,8,1,4,1
2,d_d000418,7,1,3,1
4,d_d007963,6,2,1,3
2,d_d002227,7,2,3,1
5,d_d003333,6,2,2,3
1,d_d001472,8,2,4,1
2,d_d008034,3,2,6,1
2,a_a000859,2,1,1,1
2,d_d000187,2,2,2,1
1,c_c002074,1,2,4,1
1,d_d003913,1,2,5,1
3,c_c004635,5,1,3,1
4,d_d004316,3,1,7,1
3,a_a005765,3,1,7,1
1,d_d004506,8,1,4,1
1,a_a001459,7,2,3,1
3,c_c002579,11,1,5,1
1,b_b000218,7,1,5,1
1,d_d004187,1,1,5,1
4,d_d002325,2,1,1,1
4,d_d007799,3,2,8,1
2,d_d011349,3,1,6,1
1,a_a002402,8,1,4,1
1,b_b000823,6,1,6,3
6,d_d004432,6,1,1,1
2,d_d005988,2,2,3,1
1,d_d001436,2,2,3,1
1,c_c003306,8,2,3,1
2,d_d002446,2,2,4,1
3,d_d000373,9,1,4,1
1,d_d006281,7,2,4,1
1,d_d010311,7,2,3,1
1,b_b009868,7,1,3,1
2,c_c004635,3,2,6,1
1,d_d010266,7,2,4,1
2,b_b000818,5,1,4,1
3,a_a002744,2,1,1,1
2,d_d010760,10,1,7,1
2,b_b004552,2,2,2,1
4,d_d002379,3,2,7,3
3,d_d012363,2,2,1,1
1,d_d004872,8,1,3,1
1,d_d011147,3,2,6,1
1,c_c000749,2,2,4,1
1,d_d000754,7,2,3,1
1,a_a011164,7,2,3,3
3,d_d000824,8,1,3,1
4,d_d002681,6,1,6,1
1,d_d001241,2,2,5,1
1,d_d004195,7,2,5,1
2,d_d006204,2,2,1,1
6,d_d002033,11,2,4,1
2,d_d002717,3,2,7,1
3,d_d001331,6,1,6,1
1,d_d000157,1,2,5,3
1,c_c000356,10,2,2,1
1,d_d002361,3,2,5,1
1,a_a002935,8,2,5,1
2,d_d010197,7,1,3,3
2,d_d002953,7,1,3,1
1,d_d001183,2,2,4,1
1,d_d006751,7,2,3,3
1,d_d001688,7,2,4,1
1,d_d005574,8,1,4,1
1,c_c000396,1,2,6,1
1,d_d002953,7,1,3,1
2,d_d009152,7,2,3,1
2,d_d007594,2,2,1,1
4,d_d006310,2,2,1,1
2,d_d001282,7,1,4,1
3,d_d000327,2,1,2,3
1,d_d001918,7,1,3,1
1,d_d007735,8,2,3,1
3,d_d006185,3,2,7,1
2,a_a003485,7,1,4,1
1,a_a002098,8,1,4,1
3,d_d000867,5,2,4,1
4,c_c002513,1,2,5,1
2,d_d007397,2,2,2,1
3,d_d000552,7,1,3,1
5,c_c001508,6,2,6,3
1,d_d002345,2,1,5,1
1,c_c000737,1,1,4,1
1,d_d001549,1,2,4,1
1,d_d000498,8,2,4,1
1,d_d000172,1,2,3,1
1,d_d001083,2,2,3,1
6,b_b002249,2,2,4,3
2,d_d005113,5,2,6,1
1,d_d002581,1,1,4,1
1,d_d009002,8,1,4,1
1,d_d005560,7,2,4,1
18,c_c006685,10,1,5,1
1,d_d005587,1,1,7,1
2,c_c003035,7,1,3,1
1,d_d000545,7,2,3,1
1,d_d009621,7,1,3,1
1,b_b002840,1,1,4,1
2,c_c003698,2,1,1,1
2,d_d002349,2,2,3,1
3,d_d009302,5,1,3,1
2,a_a005321,7,1,4,3
2,d_d010801,7,2,5,1
1,d_d002785,7,2,5,3
1,a_a000007,1,1,8,1
1,d_d009969,1,2,4,1
10,d_d000084,10,2,6,3
1,d_d002005,1,1,4,1
1,d_d005571,2,2,1,1
1,d_d000092,1,2,5,1
3,d_d005165,2,1,1,1
4,d_d002955,6,2,2,1
1,d_d005585,7,1,5,1
4,d_d009519,3,2,7,1
5,d_d007389,7,2,3,2
1,d_d000812,8,2,4,1
1,d_d003990,1,1,5,1
3,d_d010490,2,1,2,1
1,a_a004038,1,1,7,1
1,d_d003458,1,1,4,1
1,d_d000666,1,2,4,1
1,d_d002464,1,1,4,1
6,b_b002028,10,1,7,3
1,d_d008962,1,1,4,1
3,a_a004897,2,2,1,1
1,d_d001544,2,2,1,1
1,d_d002221,8,1,4,1
2,a_a004618,5,2,4,3
2,d_d002120,5,1,3,3
2,a_a004407,7,1,4,3
6,d_d006832,9,2,4,1
1,c_c003326,8,2,3,1
5,d_d001502,6,2,7,1
3,b_b000051,2,2,3,1
2,d_d000022,2,1,2,1
2,d_d002185,2,2,1,1
1,d_d004817,1,1,4,1
1,c_c007725,3,2,6,1
1,d_d008026,8,1,4,1
2,a_a001299,7,2,3,1
2,d_d000179,7,2,4,1
1,d_d000293,8,1,3,1
3,b_b004339,2,2,1,1
3,c_c003698,3,1,7,1
2,d_d003704,2,2,2,1
4,c_c001813,1,1,8,3
1,d_d000219,8,1,3,3
1,d_d001402,8,2,3,1
2,d_d004062,10,2,4,1
5,c_c006685,10,1,6,1
1,d_d007528,7,1,4,3
3,b_b000218,7,1,5,2
3,d_d005178,2,2,2,1
3,a_a000343,2,1,1,1
4,a_a012195,7,1,4,1
6,d_d001624,6,2,4,1
1,d_d003131,8,1,3,1
1,d_d007722,8,2,3,1
3,a_a003559,7,2,4,3
1,a_a005580,2,1,3,1
1,a_a005932,7,1,4,1
1,c_c000009,7,2,7,1
1,a_a002609,3,1,5,1
1,d_d006122,8,2,3,1
1,c_c005057,9,1,3,3
1,d_d001774,5,2,4,1
6,c_c002143,6,1,4,1
3,d_d001574,2,1,1,1
1,d_d007803,8,2,3,1
3,d_d010185,2,2,1,1
4,d_d001586,10,2,4,3
2,b_b004963,7,2,4,1
1,b_b003993,3,2,8,1
1,d_d005098,8,1,4,1
3,d_d004201,11,1,4,1
1,d_d011721,7,2,4,1
4,a_a000710,3,2,7,1
2,d_d007393,2,1,1,1
1,d_d003158,7,2,4,1
1,d_d010612,7,2,5,1
2,d_d001393,2,1,3,1
1,d_d002630,1,1,5,1
3,c_c000609,2,2,1,1
1,d_d003108,1,1,5,1
6,c_c000784,6,1,5,3
1,d_d000017,7,2,5,3
1,a_a000926,2,2,3,1
9,a_a000553,7,2,5,3
1,d_d001983,2,1,3,1
8,d_d000181,7,2,1,1
2,d_d005769,9,2,3,1
1,d_d001760,1,1,4,1
2,c_c003189,1,2,7,1
4,d_d000367,5,2,4,3
1,b_b011640,1,1,5,1
1,d_d000212,1,2,6,1
2,c_c007620,3,2,7,1
2,d_d000134,2,1,2,2
1,d_d011890,5,2,3,1
1,b_b000151,8,2,3,1
1,b_b000836,8,1,5,1
3,d_d000158,5,2,5,1
1,d_d003777,2,2,4,1
1,c_c004042,7,1,4,1
1,c_c003198,1,1,6,1
1,d_d009030,8,1,3,1
1,d_d000824,2,2,4,1
1,a_a012195,1,1,4,1
1,c_c003021,1,1,4,1
2,d_d002697,2,2,3,1
1,d_d004754,1,1,5,1
2,d_d012308,2,2,1,1
3,d_d002533,9,1,4,1
1,d_d010098,7,1,3,1
1,a_a004230,1,1,5,1
2,c_c002799,7,1,4,1
1,c_c000849,1,1,5,1
1,d_d002220,7,2,3,3
3,a_a000047,6,2,2,1
2,a_a008091,7,1,3,1
1,b_b010058,1,2,5,1
1,b_b002898,1,1,5,1
1,d_d006944,8,2,3,1
2,d_d008228,2,2,1,1
2,b_b003100,2,2,4,1
3,d_d001849,7,2,5,1
1,d_d009414,7,2,3,1
2,d_d009241,3,2,6,1
2,d_d002027,2,1,2,1
1,d_d000381,2,2,2,1
1,d_d000241,1,1,4,1
2,d_d000918,7,2,4,1
1,d_d008153,1,2,5,1
2,d_d009779,7,1,3,2
1,d_d011314,1,2,4,1
2,d_d006312,2,1,1,1
2,c_c000775,7,1,4,3
2,d_d008255,3,2,6,1
1,b_b005266,7,2,5,1
2,d_d000188,7,1,3,1
1,a_a003533,7,1,3,1
1,d_d010161,7,1,3,1
1,d_d004329,7,2,4,1
1,c_c002134,1,1,5,1
2,c_c003042,2,2,1,1
1,d_d002504,1,1,5,1
1,d_d002397,8,2,4,1
1,d_d001590,9,2,6,1
2,a_a010326,2,1,1,1
3,c_c000587,7,1,3,1
5,d_d003962,6,2,1,1
4,d_d002298,5,2,4,1
1,d_d005410,8,1,4,1
1,d_d000615,7,2,3,1
1,d_d011356,3,2,6,3
1,a_a001714,7,2,5,1
1,d_d000152,9,2,3,1
4,a_a003857,9,2,6,1
9,c_c002516,6,1,4,1
2,d_d003507,10,2,5,1
4,d_d009769,6,1,7,1
2,a_a001994,2,1,2,1
1,d_d001270,2,2,3,1
2,c_c004502,2,1,2,1
4,c_c003909,11,1,3,3
3,b_b006000,2,2,3,1
1,d_d001585,7,2,3,3
1,a_a001178,1,2,4,1
1,d_d002872,1,1,5,1
1,d_d000365,1,2,4,1
2,c_c000356,10,2,2,1
4,d_d005575,11,2,2,1
2,c_c000587,7,1,3,1
2,d_d001904,1,1,7,1
1,d_d000117,4,1,8,1
1,d_d002184,3,2,5,1
1,d_d002115,1,2,5,1
1,d_d011361,1,1,4,1
2,d_d003947,7,2,4,1
1,d_d001164,8,2,3,1
2,d_d008050,7,1,3,2
4,d_d001616,3,2,6,3
1,b_b001198,2,1,4,1
3,d_d006919,3,2,6,1
3,c_c001519,2,1,1,1
1,b_b005018,9,1,4,1
2,d_d001370,7,1,3,1
1,d_d000584,7,2,3,1
3,b_b002523,7,1,3,1
2,d_d010758,3,1,7,1
1,d_d000540,8,1,3,1
1,a_a008749,7,1,7,1
1,b_b003797,10,2,4,1
1,d_d001658,2,1,1,1
4,c_c002117,2,2,3,1
2,d_d001181,2,2,1,1
1,c_c002693,1,1,7,1
1,a_a003559,7,2,3,3
1,d_d001998,2,1,4,1
4,d_d001818,11,2,1,1
1,d_d000771,7,1,4,1
2,d_d004878,5,1,4,1
1,d_d008980,7,2,4,1
1,c_c001519,1,2,4,1
5,d_d000867,6,1,4,1
2,d_d007863,3,2,6,1
2,d_d003675,2,2,1,1
4,d_d010606,9,1,6,2
1,d_d004049,8,2,3,1
3,d_d001495,2,1,1,1
1,d_d000956,9,1,3,1
2,d_d010496,3,1,6,1
7,d_d002328,6,1,6,1
1,d_d003619,1,2,4,1
1,d_d000487,8,1,3,1
1,d_d006215,6,1,4,1
1,d_d001655,1,1,6,3
2,a_a000882,2,2,1,1
1,d_d008115,1,2,4,1
1,d_d005114,8,2,3,1
5,d_d009647,5,1,3,1
2,d_d001380,2,2,2,1
2,d_d002271,7,1,3,1
1,b_b003977,7,2,3,1
3,c_c000356,10,2,2,1
2,d_d006732,2,2,4,1
1,a_a008710,1,1,7,1
9,d_d004159,6,2,1,1
1,d_d012316,1,2,4,1
1,c_c001002,8,1,4,1
1,d_d012432,2,2,1,1
1,d_d011291,1,1,5,1
1,d_d007504,8,2,3,1
1,d_d000179,7,2,4,1
1,d_d002359,7,2,3,1
3,d_d009800,7,2,3,1
1,a_a002963,1,1,4,1
2,d_d010846,2,1,1,1
3,d_d000134,2,1,2,1
1,d_d001431,8,2,3,1
3,d_d009808,3,2,6,1
1,d_d003746,7,1,3,2
3,d_d004738,5,2,3,2
1,d_d005424,3,2,6,1
1,d_d011821,7,1,4,1
1,d_d012322,1,1,5,1
3,a_a000671,7,1,4,1
2,c_c003050,2,1,1,1
1,a_a000882,1,1,4,1
3,d_d007395,7,1,3,1
1,d_d010521,8,1,3,1
1,d_d002342,3,1,6,1
1,d_d001592,1,2,3,1
2,d_d006018,7,2,4,2
1,b_b001010,1,2,6,1
3,d_d000494,5,2,3,1
2,d_d003369,5,2,4,1
1,a_a002085,7,2,4,1
1,d_d002503,7,2,4,1
6,a_a000660,6,2,5,2
2,d_d001576,2,1,2,1
5,d_d001411,11,1,1,1
2,d_d001143,2,1,1,1
4,d_d001576,3,2,8,1
3,d_d001998,5,2,4,1
1,c_c003337,8,2,4,1
5,d_d012347,6,2,2,1
1,d_d009394,1,1,4,1
3,a_a002994,2,1,1,1
2,d_d005240,2,2,1,1
3,c_c001984,2,1,1,1
1,c_c002831,5,2,3,1
1,d_d000793,7,2,3,1
1,c_c000587,7,1,3,1
1,d_d001730,7,2,4,3
1,c_c002512,8,2,4,1
1,d_d003043,8,2,4,1
1,d_d012491,1,2,4,1
3,d_d004320,2,1,1,1
1,d_d001533,8,1,3,3
1,c_c003960,9,1,6,1
1,d_d012443,1,1,4,1
1,d_d003329,7,1,5,1
3,a_a000710,2,1,4,1
3,d_d009281,5,2,5,1
1,d_d004905,7,1,2,1
1,d_d004684,7,2,4,3
5,d_d006832,9,2,3,1
1,d_d006918,1,2,4,1
2,d_d000290,2,2,1,1
2,d_d001854,2,1,1,1
1,d_d000985,1,1,5,1
3,d_d004976,1,2,4,1
1,d_d001606,9,1,4,2
2,d_d001693,7,2,3,1
2,d_d002808,5,2,4,2
3,d_d006778,2,2,1,1
1,d_d002771,7,1,4,3
1,d_d003608,1,2,4,1
2,d_d002428,7,2,4,1
1,d_d007389,7,1,3,2
2,d_d000791,8,1,3,1
1,d_d002642,1,2,6,1
1,d_d012269,1,1,5,1
7,d_d000956,9,2,5,1
2,c_c000024,2,1,4,3
1,d_d012412,2,2,3,1
1,d_d001597,8,1,5,1
1,d_d005355,1,2,4,1
3,a_a001445,2,2,1,1
7,a_a003857,9,2,6,1
3,d_d002987,2,1,2,1
2,c_c002033,2,2,1,1
1,d_d000030,8,2,3,1
4,d_d003675,2,2,1,1
3,d_d000388,1,2,5,1
2,d_d012443,2,2,1,1
4,d_d012384,5,2,4,3
1,d_d000762,7,1,3,1
1,d_d003986,8,1,3,1
4,c_c002799,7,2,3,3
1,d_d004284,1,2,4,1
2,a_a004927,2,1,1,1
1,c_c004645,2,1,4,1
3,d_d001386,7,1,6,3
1,c_c005196,1,2,3,1
2,d_d012432,5,2,5,3
2,d_d004960,1,1,7,1
1,c_c000432,8,2,3,1
1,b_b012228,7,2,4,1
1,d_d010257,1,1,5,1
1,b_b001015,1,2,6,1
2,d_d005116,2,1,1,1
1,d_d003917,8,1,3,1
2,d_d002406,2,2,1,1
4,d_d005116,2,1,2,1
11,a_a001537,11,2,1,2
2,d_d001159,7,1,5,3
2,d_d012374,2,2,1,1
2,a_a006701,2,1,1,1
2,a_a001781,2,1,1,1
1,d_d000267,1,2,4,1
4,d_d001240,2,2,1,1
1,d_d004144,8,1,3,1
2,d_d005862,2,2,2,1
2,d_d001649,6,2,7,1
3,a_a009733,11,1,5,1
3,d_d012400,2,1,1,1
1,d_d001444,1,2,7,1
4,d_d011698,7,2,4,1
1,d_d007482,2,2,3,1
2,b_b004388,2,1,2,1
1,a_a000967,1,1,5,1
3,d_d004165,3,1,6,1
1,d_d000108,1,2,5,1
1,d_d000631,1,2,5,1
2,d_d009541,2,2,1,1
1,d_d000036,8,2,3,1
2,d_d002218,2,1,2,1
2,d_d004316,2,1,1,1
1,d_d004410,1,1,3,1
4,d_d003196,2,2,4,1
1,d_d005782,8,2,3,1
3,d_d010758,5,2,4,1
2,d_d001331,2,2,3,1
1,c_c003042,1,2,4,1
1,d_d009890,1,2,5,1
2,d_d008247,6,2,5,1
1,b_b004557,1,1,6,1
5,d_d000966,10,2,3,3
1,b_b004383,8,2,3,1
1,a_a010446,1,1,4,1
2,b_b003861,1,2,6,1
3,c_c000269,7,2,3,1
2,d_d000893,1,2,6,1
1,d_d001747,8,1,3,1
1,d_d000188,7,1,3,1
1,d_d001949,1,1,5,3
4,a_a000652,7,2,4,3
1,d_d003589,8,1,4,1
2,d_d002158,2,1,1,1
1,a_a001993,1,2,4,1
1,d_d006339,5,2,4,1
1,b_b003861,2,1,3,1
1,d_d002547,2,2,4,1
1,a_a002119,7,2,3,1
1,c_c005361,3,1,5,1
2,d_d001220,2,1,2,1
1,d_d005084,7,2,3,1
3,d_d000351,7,2,3,1
9,d_d004062,2,1,1,1
1,a_a003015,8,1,4,1
2,d_d007819,2,2,1,1
4,d_d004579,5,2,4,1
4,d_d000181,7,2,4,1
3,c_c006429,7,2,4,1
1,d_d000554,1,1,4,1
1,d_d003125,1,1,5,1
7,b_b002028,10,1,7,3
4,d_d000607,6,1,2,1
1,d_d000924,7,1,3,1
1,a_a003724,1,1,4,1
1,d_d000086,1,2,4,1
6,d_d003019,6,2,4,1
1,d_d002846,8,1,4,1
1,d_d006659,3,1,6,3
1,d_d002476,1,1,4,1
2,d_d002885,2,1,2,1
1,d_d001693,7,2,3,1
1,c_c005974,8,1,3,1
1,d_d002993,8,2,3,1
2,d_d003715,7,2,3,2
1,d_d000657,1,1,5,1
2,d_d000018,7,2,3,1
1,d_d001732,2,1,1,1
2,d_d001515,1,2,6,1
2,d_d002165,2,1,1,1
2,d_d004266,2,2,2,1
1,d_d006649,7,2,6,1
10,d_d000373,9,2,4,1
1,c_c001254,2,2,3,1
13,d_d002473,11,2,2,1
1,d_d005065,1,2,4,1
1,d_d004906,7,1,4,1
1,d_d001037,8,2,4,1
2,d_d003108,2,2,1,1
2,d_d009780,2,2,1,1
1,d_d003045,2,2,3,1
1,d_d000806,8,2,4,1
3,d_d000261,7,1,4,3
1,d_d002709,7,1,4,1
1,d_d009106,8,1,3,1
1,d_d000218,8,2,4,1
4,d_d000351,7,2,3,1
4,d_d004964,10,2,1,2
1,d_d000175,1,2,4,1
2,d_d002126,7,1,3,1
1,d_d010850,2,1,1,1
3,d_d003432,2,1,1,1
1,a_a004595,5,2,4,1
4,d_d001560,2,1,1,1
1,d_d010911,7,2,3,1
1,d_d000234,8,2,3,3
1,d_d002158,1,1,4,1
3,d_d006281,7,2,4,2
4,c_c002634,11,2,1,1
1,d_d006951,8,2,3,1
2,a_a003533,7,1,3,1
1,d_d006832,9,1,7,1
2,d_d000007,2,2,1,2
9,d_d003333,6,1,1,1
3,d_d009769,6,2,7,1
1,a_a001883,7,2,4,1
1,d_d000014,1,2,5,1
1,d_d005113,1,1,7,1
1,d_d001981,2,1,1,1
1,a_a000859,1,1,4,1
2,d_d000754,7,2,3,1
1,d_d009946,8,1,3,3
3,d_d001770,2,2,1,1
2,d_d001696,2,1,1,1
1,d_d000084,10,1,5,1
17,b_b002028,10,1,6,3
1,d_d002795,7,2,4,1
1,d_d002697,1,1,7,1
2,d_d002489,2,2,1,1
2,d_d007848,3,1,7,1
1,d_d000713,1,1,7,1
1,d_d009936,1,1,5,1
2,d_d002329,11,1,6,1
1,d_d000411,1,2,5,1
4,d_d002271,7,1,4,1
3,d_d009936,2,1,1,1
2,d_d001818,7,2,5,1
2,b_b003797,10,2,4,1
1,d_d006210,7,2,4,1
2,d_d003676,2,2,1,1
3,d_d001999,2,2,1,1
1,d_d002095,1,1,7,2
2,d_d000607,2,1,1,1
1,c_c000100,1,2,5,1
1,d_d004343,8,2,4,1
2,d_d002462,2,1,1,1
4,c_c002579,11,2,6,1
2,c_c000009,7,2,7,1
1,d_d006782,7,2,3,3
2,d_d005062,9,2,6,1
1,a_a012491,8,1,3,1
1,c_c004805,1,2,5,1
3,d_d010343,2,1,1,1
1,d_d001347,1,1,7,1
2,a_a008749,7,1,7,1
2,d_d001276,7,2,4,3
2,d_d004915,9,2,4,1
2,d_d001363,2,1,1,1
1,d_d000327,1,2,5,3
2,d_d000020,7,1,4,1
1,d_d003840,1,2,3,1
1,d_d001738,1,1,6,1
1,a_a008679,1,1,5,1
4,d_d007778,9,2,5,2
1,d_d001484,7,2,3,1
1,d_d006378,8,2,3,1
5,d_d000990,9,2,3,1
3,d_d002664,4,2,8,1
1,d_d001699,7,2,4,1
1,d_d002799,7,2,3,1
2,d_d004964,10,1,5,2
1,d_d004908,3,2,7,1
1,c_c002969,8,1,3,1
1,d_d000787,8,2,3,1
1,d_d001356,1,1,4,1
1,d_d001315,1,2,4,1
1,d_d009241,3,1,6,1
1,a_a000868,2,2,4,1
1,a_a012239,1,1,4,1
3,d_d011264,7,2,4,1
1,d_d000587,8,2,4,1
1,d_d001215,8,1,4,1
1,d_d006135,2,1,4,1
1,b_b004935,8,1,3,1
1,d_d004579,2,2,4,1
1,d_d004698,2,2,4,1
1,d_d004316,1,1,4,1
3,d_d002443,5,2,4,1
1,d_d004101,3,2,7,1
1,b_b002406,8,2,3,1
4,d_d002838,5,2,3,1
1,d_d001640,2,2,3,1
3,d_d000755,10,1,3,1
2,d_d001208,1,2,6,1
6,d_d000266,5,1,5,3
3,d_d000092,2,1,6,3
1,d_d002965,1,1,5,1
1,d_d012354,1,1,5,1
1,d_d004403,7,1,4,1
2,d_d007963,3,2,7,1
3,d_d009647,5,2,4,1
3,d_d000545,7,2,3,1
3,d_d009122,2,1,1,1
2,d_d006135,1,2,7,1
1,d_d000247,7,2,4,1
2,d_d004075,2,1,2,1
5,d_d001519,11,2,1,1
3,c_c002943,7,1,3,1
1,d_d006965,8,1,3,1
1,d_d000513,2,2,2,1
2,d_d000339,1,2,7,1
1,d_d000357,1,1,7,1
1,d_d003829,2,2,5,1
1,d_d002530,8,1,3,1
2,d_d001591,7,2,4,1
3,d_d000190,1,1,5,1
2,d_d007014,7,2,3,2
1,a_a015262,1,1,4,1
4,d_d002130,7,2,3,3
1,d_d005632,1,2,6,1
1,d_d006985,3,2,5,1
1,b_b003064,2,1,5,1
4,d_d006351,6,2,2,1
3,a_a007485,2,1,2,1
1,d_d010155,7,2,3,3
1,d_d012330,2,2,1,1
1,a_a009953,8,2,3,1
1,a_a002994,1,1,4,1
1,d_d007384,8,2,4,1
1,d_d006667,1,1,6,1
2,d_d003344,2,2,1,1
2,d_d005795,2,2,1,1
1,d_d002565,1,1,4,1
2,d_d001531,7,1,5,1
3,c_c001346,7,2,5,1
2,b_b001355,2,2,4,1
3,d_d004725,6,2,4,2
2,d_d000824,1,1,6,1
1,d_d000290,1,2,5,1
1,c_c006820,1,2,5,1
2,d_d005501,10,2,7,1
2,b_b005360,3,1,8,1
1,d_d000243,7,2,4,1
3,d_d001874,2,2,2,1
1,d_d003296,8,2,4,1
4,d_d009805,7,1,5,1
2,d_d000058,7,1,4,3
2,d_d007799,2,1,1,1
1,d_d000537,8,2,3,1
3,d_d007452,5,2,4,1
1,d_d002021,3,1,6,3
1,b_b007113,8,1,4,1
1,d_d009650,8,1,5,1
1,d_d003563,8,1,3,1
12,b_b002028,10,2,6,3
1,d_d003719,7,2,6,1
4,d_d002717,2,1,2,1
1,a_a002621,8,1,4,1
5,a_a003857,7,2,6,1
6,d_d001062,10,2,3,3
2,d_d000103,2,2,2,1
1,d_d000819,1,1,5,1
1,c_c007909,8,1,4,3
1,d_d003038,1,1,4,1
1,b_b001039,6,1,4,1
3,d_d001993,7,1,6,1
1,d_d004227,1,1,4,1
1,d_d001158,1,2,5,1
1,d_d002284,1,1,4,1
1,c_c002438,9,2,5,1
1,d_d006761,7,2,3,1
3,d_d001557,5,2,5,1
4,d_d004186,2,2,1,1
2,d_d000281,1,2,6,1
2,d_d007081,2,1,1,1
2,d_d002095,2,2,4,2
1,a_a005765,1,1,4,1
1,d_d002384,3,1,6,1
1,d_d007009,3,1,6,1
2,b_b003032,2,1,1,1
1,a_a004560,8,2,3,1
1,c_c000334,1,2,3,1
1,d_d002308,3,2,6,1
1,d_d001994,1,2,5,1
1,d_d001761,8,2,3,3
4,d_d006832,9,2,4,1
1,d_d001803,1,1,4,1
3,b_b002249,6,2,1,1
4,d_d001981,10,2,1,1
1,a_a014068,8,1,3,1
4,d_d000092,3,2,8,3
3,d_d002126,7,1,3,1
1,d_d000801,8,1,4,1
2,a_a000761,2,2,3,1
3,c_c000775,11,2,4,3
2,d_d002361,3,1,6,1
1,b_b003762,7,1,7,1
3,d_d000761,4,2,7,1
3,d_d003862,7,2,4,1
1,d_d006321,7,1,4,1
3,d_d003715,7,2,4,3
1,d_d002193,2,2,3,2
1,d_d006869,1,1,4,1
1,a_a000391,8,1,3,1
1,d_d002357,1,2,4,1
1,d_d000881,1,1,5,1
1,d_d000244,8,2,3,1
1,d_d003212,8,2,3,1
1,d_d004065,7,1,3,1
1,d_d001280,8,2,4,1
2,d_d007009,3,2,6,1
1,d_d001326,7,1,5,1
1,b_b008495,8,2,3,1
2,d_d005892,2,2,4,1
1,d_d009903,8,2,3,1
1,d_d009389,7,2,3,1
1,b_b001340,8,2,3,1
1,d_d004989,8,1,5,1
4,d_d000323,2,1,1,1
1,c_c002006,10,1,6,1
1,a_a002828,8,1,4,1
1,d_d010184,8,1,4,1
1,a_a006188,8,2,3,1
3,d_d002019,2,2,1,1
2,d_d001579,1,1,7,1
3,d_d001084,2,1,1,1
1,d_d006310,5,2,4,3
1,d_d010997,1,1,4,1
1,c_c001602,2,2,3,1
1,c_c001965,8,1,5,1
1,d_d005240,1,1,5,1
3,d_d010097,2,2,1,1
2,d_d000402,2,2,1,1
3,d_d003875,2,1,2,1
1,d_d003099,2,2,3,1
3,a_a003002,5,2,4,1
1,d_d000274,1,2,5,1
3,b_b003039,7,2,4,1
15,d_d006832,9,2,5,1
1,d_d002386,1,1,5,3
7,d_d000373,9,1,4,1
1,d_d007548,3,2,7,2
1,d_d005931,5,2,4,1
1,c_c002880,9,1,4,1
4,d_d002328,2,2,5,1
3,d_d001296,10,1,3,1
3,d_d001579,2,2,4,1
2,d_d000315,7,2,3,1
3,a_a006040,1,2,4,1
7,d_d000041,6,2,1,1
1,c_c001508,1,1,7,1
3,d_d006832,9,1,4,1
1,d_d001845,7,2,3,3
1,d_d002877,8,1,4,1
2,d_d007660,2,1,2,1
2,d_d009306,2,2,1,1
1,c_c000583,2,1,4,1
2,d_d002630,2,2,1,1
4,d_d001557,6,1,2,1
1,a_a007237,3,1,6,3
2,d_d002246,7,2,3,1
7,d_d001993,7,2,6,1
1,d_d001292,2,2,4,1
1,d_d001824,6,1,4,1
1,a_a011008,1,2,4,1
2,d_d000677,2,1,1,1
1,a_a000639,1,2,5,1
3,d_d007803,7,2,3,1
3,d_d003546,2,1,1,1
1,a_a001396,1,2,5,1
2,a_a003097,2,1,2,1
1,d_d006130,9,2,3,1
1,d_d000022,1,2,5,1
1,d_d000284,1,2,5,1
3,a_a003310,9,2,3,1
6,d_d000041,6,1,1,1
7,c_c001169,1,1,5,3
1,a_a000321,7,1,3,1
1,a_a005187,7,1,4,1
5,c_c001346,7,2,5,1
1,d_d003784,1,1,4,1
2,b_b015453,2,2,2,1
2,d_d001731,2,1,1,1
1,d_d012263,2,2,4,1
3,d_d012384,2,2,1,1
3,d_d009439,7,1,6,1
3,d_d006753,5,2,3,1
6,c_c002171,6,2,7,3
2,d_d001675,2,2,1,1
2,d_d000096,2,2,2,1
2,a_a011717,2,2,2,1
4,a_a002488,6,2,4,1
2,d_d006729,3,2,6,1
1,b_b004278,1,1,5,1
1,a_a005663,1,1,6,1
3,d_d006711,2,1,2,1
2,d_d002090,2,2,5,1
4,d_d002308,6,2,3,1
1,d_d003262,8,1,4,1
2,d_d000084,10,2,5,1
1,d_d000090,1,2,5,1
2,a_a004897,2,2,1,1
1,d_d002052,2,1,1,1
3,d_d001370,7,1,3,1
1,d_d002310,1,1,4,1
2,d_d000968,7,2,4,1
5,b_b002249,1,1,6,3
2,b_b014337,7,2,7,1
2,a_a001696,7,1,3,1
1,d_d004071,8,1,3,1
1,b_b001152,9,1,6,1
1,d_d003562,7,1,3,1
4,d_d005896,2,1,1,1
2,d_d002328,6,2,2,1
1,d_d005179,1,1,6,1
1,d_d010419,7,2,3,1
1,d_d005444,7,2,3,1
1,d_d009541,1,1,5,1
1,d_d005344,8,2,3,1
1,d_d009331,8,1,5,1
3,d_d001519,11,1,4,1
3,d_d012310,2,2,2,1
3,d_d001816,6,1,3,1
1,d_d003685,8,1,3,1
2,d_d003437,7,1,4,1
1,d_d000080,7,1,6,3
1,d_d000253,8,2,4,1
1,d_d004062,10,2,4,1
1,c_c004984,1,1,5,1
1,d_d004168,7,2,3,1
2,d_d000373,9,2,6,1
1,d_d004052,8,1,3,1
4,c_c001107,3,2,8,1
3,d_d002033,11,2,6,1
3,d_d009236,2,1,1,1
1,d_d010310,5,2,4,1
4,d_d001816,6,2,3,1
2,d_d000455,7,1,3,3
2,c_c000137,5,2,6,3
7,d_d004316,6,2,6,1
1,d_d002717,3,1,8,1
2,d_d011264,7,2,4,1
2,b_b000543,2,2,3,1
1,d_d007188,8,2,3,1
3,d_d004953,5,1,4,2
2,d_d001738,2,2,3,1
1,d_d002146,5,2,3,1
2,d_d002341,1,2,6,1
1,b_b002884,7,1,4,3
3,d_d003947,7,1,3,1
1,d_d002126,7,1,3,1
2,d_d002590,2,1,5,1
2,c_c003909,7,1,4,3
1,c_c000836,8,2,3,1
1,d_d006855,1,2,5,1
6,d_d000117,2,2,1,1
2,a_a004230,2,2,1,1
1,c_c004745,7,2,8,1
1,d_d007179,7,1,4,1
1,d_d007753,7,1,4,1
2,d_d005179,2,2,2,1
4,d_d006711,2,1,2,1
2,d_d009772,5,2,3,1
2,d_d008029,9,2,4,1
2,d_d006711,2,2,2,1
1,a_a000095,1,2,4,1
2,d_d001732,2,2,1,1
3,d_d002271,7,1,3,1
3,a_a007368,2,2,1,1
1,d_d000233,1,2,5,1
1,d_d001048,7,1,5,3
2,d_d003370,2,1,2,1
1,d_d002598,8,2,3,1
1,d_d000621,5,1,3,1
2,d_d000337,2,2,2,1
1,d_d003437,7,1,4,1
2,d_d011027,2,2,1,1
1,d_d000794,1,1,7,1
2,d_d007809,5,2,3,1
2,c_c002134,2,2,2,1
7,d_d003019,6,2,1,1
1,a_a000047,1,1,4,1
3,d_d006674,4,2,8,1
1,d_d001437,2,2,3,1
3,d_d006716,2,1,2,1
1,d_d002493,8,2,3,1
1,c_c007579,8,1,3,3
1,a_a008260,1,1,7,1
1,d_d000780,1,1,4,1
1,d_d009053,1,1,5,1
2,d_d005792,1,2,6,1
3,c_c003042,2,1,1,1
2,d_d001648,7,2,5,1
1,d_d001189,9,2,4,1
2,d_d004533,7,2,4,1
1,d_d009220,7,2,3,1
1,b_b002960,1,2,4,1
2,d_d003049,11,2,5,1
1,d_d004486,1,1,4,1
3,d_d002697,5,2,4,3
1,d_d005131,1,2,4,1
2,a_a000553,2,2,1,1
1,b_b004846,8,1,4,1
10,d_d006832,9,2,3,1
2,a_a000707,7,1,4,1
1,a_a004147,8,2,3,1
1,d_d003948,8,1,5,1
1,d_d001182,2,2,3,1
1,d_d004703,1,1,7,2
5,c_c000260,7,2,4,3
1,a_a008091,1,1,3,1
2,d_d002228,5,1,4,1
1,d_d006341,1,1,4,1
1,a_a014141,1,1,5,1
3,d_d007397,2,1,1,1
2,d_d011515,7,2,3,1
1,c_c007620,3,1,7,1
1,d_d009152,7,1,3,1
1,d_d012248,1,2,5,1
1,d_d008050,7,2,3,2
5,d_d000339,2,2,1,1
1,d_d000136,2,2,5,1
1,d_d002198,7,2,4,1
1,d_d002577,8,1,4,1
2,d_d004523,2,2,2,1
1,d_d000950,7,1,3,1
1,d_d004850,7,2,3,1
4,d_d000966,10,1,3,3
1,d_d010103,8,2,3,1
4,a_a000409,11,1,1,3
4,d_d000173,2,1,1,1
1,a_a014564,10,1,5,1
1,d_d006013,1,1,5,1
2,d_d005065,2,1,1,1
5,d_d001522,3,2,7,1
4,d_d001606,9,2,3,2
2,d_d009367,7,2,3,1
2,d_d003939,1,2,6,3
4,d_d001961,3,1,7,3
1,d_d007623,8,2,3,1
1,d_d012336,8,1,4,1
1,d_d001542,7,1,4,1
2,d_d003751,2,1,2,1
1,a_a000660,1,1,4,1
4,d_d010217,10,2,6,1
2,b_b000650,2,2,3,1
2,d_d009745,2,2,1,1
2,d_d000484,2,2,4,1
1,c_c002687,8,1,5,1
2,d_d010253,2,2,2,1
2,a_a001033,2,2,2,1
3,c_c005312,7,2,4,1
1,a_a005684,1,2,4,1
1,d_d006036,8,2,3,3
2,a_a000490,2,1,2,1
1,d_d000104,1,2,5,1
3,d_d003425,2,1,1,1
3,d_d004624,2,2,1,1
1,d_d004042,1,1,6,1
1,d_d002756,7,2,4,1
3,d_d007968,2,2,1,1
2,a_a001131,10,1,3,1
2,d_d006339,7,2,4,3
2,d_d007870,3,2,7,1
1,d_d007400,7,2,3,1
4,a_a005187,7,2,3,1
3,d_d003146,2,2,1,1
2,b_b001747,2,2,1,1
1,d_d001605,7,2,4,1
3,d_d002138,7,1,3,3
1,d_d002522,2,2,3,1
5,d_d007084,3,2,8,1
3,c_c004645,5,2,4,1
2,d_d001066,7,2,3,3
1,d_d004842,8,1,3,1
1,d_d006694,1,2,4,1
1,d_d007901,8,2,3,1
1,a_a007962,1,1,4,1
1,d_d003928,1,1,6,1
1,d_d010760,1,2,5,1
4,d_d001216,1,1,7,1
3,d_d002819,5,1,3,1
1,a_a002220,8,1,3,1
1,d_d003566,8,1,3,1
1,b_b004798,1,1,5,1
1,d_d012281,1,1,5,1
7,a_a004897,7,1,2,1
2,d_d002283,3,1,6,3
1,d_d003634,2,1,1,1
2,d_d006237,2,1,1,1
1,d_d003091,2,1,1,1
5,b_b002028,10,1,7,3
1,d_d008001,7,2,3,3
1,d_d003046,1,1,5,1
1,d_d012446,2,1,2,1
2,b_b002600,2,2,3,1
1,d_d002412,1,1,4,1
2,d_d000173,2,1,1,1
12,d_d004062,2,1,1,1
1,a_a005055,1,1,7,1
3,d_d000639,6,2,2,1
1,d_d010383,7,2,3,1
2,d_d001916,2,2,4,2
3,d_d005291,2,2,4,1
1,c_c000085,3,2,4,1
6,a_a000553,7,1,5,1
3,d_d000513,7,2,2,1
1,d_d001785,2,2,3,1
2,d_d002972,5,2,3,1
1,d_d006759,1,1,5,1
2,d_d000091,1,1,5,1
5,d_d002703,9,1,7,3
1,d_d003109,8,1,4,1
1,d_d007782,8,1,4,1
8,d_d003333,6,1,1,1
1,d_d000128,1,1,5,1
3,d_d007778,9,1,5,2
1,d_d007452,3,1,7,2
1,d_d010167,7,1,6,3
6,a_a002744,11,1,1,2
1,d_d006335,7,2,4,1
4,d_d002467,2,2,1,1
1,d_d009459,7,2,3,1
1,d_d003721,1,1,5,1
1,d_d001776,1,2,4,1
3,a_a012439,7,2,3,3
3,c_c003946,2,2,1,1
3,d_d006946,2,2,1,1
3,d_d001160,2,2,5,1
1,d_d005110,1,2,4,3
2,d_d004227,2,2,1,1
3,d_d004227,2,2,1,1
2,d_d006659,3,2,6,3
3,d_d006649,7,2,6,1
1,d_d008161,1,1,5,1
1,d_d009816,1,1,5,1
3,d_d002256,7,1,3,2
1,d_d002181,8,2,3,1
3,d_d009361,7,2,5,1
1,d_d000208,1,2,5,1
1,d_d003974,1,1,4,1
1,d_d004961,8,1,4,1
1,d_d001389,1,1,4,1
2,a_a005765,2,1,1,1
2,d_d008184,2,1,2,1
5,b_b006175,7,2,3,1
2,d_d000404,2,1,3,1
3,d_d002590,3,2,7,1
8,d_d000639,6,1,1,3
2,a_a001445,2,2,1,1
2,d_d000554,2,2,1,1
1,d_d004371,7,2,4,1
3,a_a008260,5,2,4,1
1,d_d002701,7,2,4,1
1,d_d001691,7,2,4,1
1,d_d001307,1,1,6,1
1,d_d000228,1,2,4,1
1,d_d001595,9,2,4,1
1,d_d004002,8,1,3,1
3,b_b002037,5,2,3,3
1,a_a002744,1,1,5,1
1,c_c001096,7,2,3,1
5,d_d003719,7,2,6,1
1,a_a010573,8,2,3,1
3,d_d003075,2,1,1,1
2,d_d004747,2,1,2,2
1,a_a000953,8,1,4,3
4,a_a003533,7,1,3,1
7,a_a003533,7,1,4,1
6,c_c002516,5,2,6,1
1,d_d003297,8,1,3,1
1,d_d000435,1,2,5,1
1,d_d005868,7,1,3,1
2,d_d012396,2,1,1,1
1,d_d002732,5,2,4,1
3,d_d002481,2,1,1,1
2,c_c001346,7,2,5,1
1,d_d009519,1,2,4,1
3,d_d003928,5,1,3,1
1,c_c002579,1,2,4,1
10,d_d002681,6,1,3,1
4,b_b000140,2,2,2,1
1,d_d009488,7,2,5,2
3,d_d000367,5,1,4,3
3,d_d002527,5,1,4,1
3,c_c003979,7,2,3,3
5,b_b008080,7,1,3,1
3,c_c002634,8,2,3,1
1,d_d003436,1,1,4,3
3,a_a000639,2,2,1,1
7,a_a012195,7,1,1,1
3,d_d010846,2,2,1,1
1,d_d002747,1,2,3,1
1,d_d000289,1,2,4,1
1,d_d003962,1,1,7,1
1,d_d002969,5,2,4,1
2,d_d000017,7,2,5,3
4,b_b001756,2,1,1,1
1,c_c000137,1,1,6,1
1,c_c000852,8,1,3,1
3,c_c001359,5,2,4,1
2,d_d006310,2,2,2,1
2,b_b000022,2,1,1,1
2,d_d010527,2,1,1,1
5,d_d004159,3,2,7,1
2,d_d002193,5,2,3,2
2,d_d002443,1,2,7,1
3,d_d000482,9,2,5,1
2,d_d005001,7,2,4,1
5,d_d000327,6,2,5,3
3,d_d003545,7,1,3,2
1,a_a006382,8,1,4,1
2,d_d007968,2,1,1,1
1,d_d002574,1,1,4,1
2,d_d001764,1,1,7,1
4,d_d000724,5,2,5,3
4,d_d007660,2,1,2,1
1,a_a000169,2,1,3,1
1,d_d002475,8,1,3,1
2,a_a001178,2,1,1,1
3,d_d004432,2,2,1,1
4,d_d001519,11,2,4,1
2,d_d007846,2,1,1,1
3,d_d001393,2,1,3,1
2,d_d002253,2,1,1,1
3,a_a000794,2,2,1,1
1,d_d001659,1,1,5,1
2,a_a006466,1,1,5,1
1,d_d001454,1,1,5,1
1,d_d001601,8,2,3,1
4,c_c004984,5,2,5,1
2,d_d004054,2,2,2,1
2,d_d010490,2,1,2,1
1,d_d002985,8,1,4,1
1,a_a011162,3,1,7,3
2,d_d002747,2,2,1,1
1,d_d004673,8,1,4,1
2,d_d012389,2,2,4,1
7,d_d000117,2,1,1,1
2,d_d009194,3,2,6,1
2,d_d004735,2,2,1,1
1,d_d002145,8,1,3,1
3,d_d001665,9,2,5,1
1,d_d001263,7,2,4,1
1,d_d009647,3,1,7,1
2,c_c002319,7,1,4,3
1,c_c002434,8,2,4,1
1,d_d006836,3,1,6,1
1,d_d004320,1,2,4,1
1,d_d002064,7,2,3,1
1,d_d002590,1,2,4,1
1,d_d006007,8,2,6,1
2,d_d009159,2,1,1,1
2,d_d002773,2,2,1,1
2,d_d000543,10,2,4,1
2,d_d009175,2,2,2,1
2,d_d007770,3,2,6,1
1,d_d005405,1,1,6,1
1,d_d003452,1,2,5,1
2,a_a006040,1,2,8,1
1,d_d001801,8,2,3,1
3,a_a001773,7,2,3,1
1,d_d011481,8,1,4,1
2,b_b000746,7,1,4,1
1,d_d000043,1,1,4,1
1,d_d002485,8,1,3,1
1,d_d004004,1,1,5,1
1,d_d010207,3,2,6,3
4,d_d004960,5,2,4,1
5,d_d000755,10,1,3,1
3,c_c000128,2,1,2,1
1,d_d005340,8,2,4,1
3,c_c000473,2,1,5,1
2,d_d008205,2,2,1,1
1,d_d010328,8,1,3,1
1,d_d002514,1,1,6,1
3,d_d000965,2,2,4,3
3,d_d004646,2,2,2,1
2,d_d003038,2,1,1,1
19,b_b002028,10,1,8,3
2,d_d000302,1,2,8,1
2,d_d001598,2,1,2,1
1,d_d005188,7,2,4,1
1,d_d010204,1,1,4,1
1,d_d001066,7,2,3,1
3,d_d000966,10,1,4,3
1,d_d005328,9,2,3,1
1,d_d001482,8,1,4,1
1,c_c008279,3,2,8,1
1,d_d009258,1,1,4,1
1,d_d009728,2,2,2,1
1,d_d005345,3,2,7,1
1,a_a000559,1,1,7,1
2,d_d009941,5,2,3,1
1,d_d003947,1,1,5,1
1,a_a004958,3,1,5,1
3,d_d007742,7,1,3,3
2,d_d005246,2,1,1,1
3,d_d009564,2,1,1,1
2,a_a003547,2,2,2,1
1,d_d006753,3,1,7,1
1,d_d001519,1,2,4,1
2,b_b014141,2,2,1,1
2,d_d001824,1,1,7,1
2,d_d012334,2,1,1,1
3,d_d006991,2,1,1,1
1,d_d002891,7,1,3,1
2,a_a000794,2,2,1,1
1,d_d001076,5,2,5,1
2,a_a012439,7,1,3,3
1,d_d000039,1,1,4,1
2,d_d000841,7,2,4,1
7,d_d000084,10,1,6,3
1,d_d001211,8,2,3,1
2,d_d001278,2,2,4,1
4,a_a002744,7,2,4,2
3,d_d007863,5,1,3,1
2,c_c005312,7,1,4,1
1,a_a002823,8,2,4,1
2,d_d001544,5,2,5,1
2,d_d001508,2,2,3,1
4,d_d002483,2,1,1,1
3,d_d007572,2,1,2,1
1,d_d000724,2,1,3,1
3,d_d000182,2,2,2,1
1,d_d005729,8,2,3,1
1,d_d003720,1,2,5,1
1,d_d003735,7,2,5,1
1,d_d002241,8,2,3,1
1,d_d007969,1,2,4,1
1,b_b003100,1,1,7,1
1,d_d012329,1,2,5,1
2,d_d002716,2,1,1,1
7,d_d003840,7,2,1,3
1,a_a003857,7,2,6,1
1,d_d000872,8,1,4,1
7,b_b006175,10,1,4,1
2,d_d000145,2,2,3,1
1,d_d009909,7,1,3,1
3,c_c001508,4,2,8,1
4,d_d004411,2,2,1,1
3,a_a000333,2,1,2,1
2,d_d001386,7,2,6,3
2,c_c000157,2,2,3,1
1,d_d000485,7,2,4,1
2,d_d001640,5,2,3,1
3,d_d004411,2,2,2,1
1,d_d002176,7,2,3,1
1,d_d003039,1,1,4,1
2,d_d002052,2,1,1,1
7,d_d004432,6,1,1,1
3,d_d004068,2,2,1,1
3,d_d005501,10,2,7,1
1,d_d003146,1,1,4,1
2,d_d000757,7,1,4,1
2,a_a002488,2,2,1,1
2,d_d012260,2,2,2,1
2,d_d005575,2,2,2,1
3,d_d003876,2,2,1,1
3,d_d001014,9,2,4,3
1,d_d001193,7,2,6,1
7,d_d005291,6,2,1,3
1,d_d001547,8,2,4,1
3,d_d002432,2,2,2,1
2,d_d002359,7,2,3,2
3,d_d000033,2,1,2,1
3,b_b001198,5,1,4,1
1,d_d002838,4,2,8,1
1,d_d005475,8,2,3,1
6,d_d000867,6,2,1,1
1,d_d000744,8,1,3,1
1,b_b000278,1,1,5,1
2,d_d002856,2,2,1,1
8,d_d007799,6,2,2,1
3,d_d000481,5,2,4,1
1,d_d006712,1,2,4,1
1,b_b001355,1,1,7,1
1,d_d002157,3,2,6,1
3,d_d009728,10,2,5,2
1,d_d001513,1,1,5,1
1,d_d007637,8,1,3,3
3,b_b000542,5,2,4,1
3,d_d008096,2,2,1,1
5,d_d001941,7,2,4,1
1,d_d010562,3,2,6,1
1,a_a001510,9,1,4,1
3,b_b002898,7,2,4,3
2,a_a004216,2,2,3,1
1,d_d001319,1,1,4,1
2,d_d011170,6,2,6,3
1,d_d002349,1,1,6,1
1,d_d000251,8,2,3,1
2,d_d006067,2,1,1,1
6,c_c003062,9,1,7,1
1,d_d003233,3,2,8,1
1,d_d008987,1,1,3,1
2,b_b002884,7,1,4,3
4,c_c001508,6,1,6,3
1,d_d003088,1,1,4,1
1,d_d008034,3,1,6,1
1,d_d005281,1,2,5,1
1,d_d002923,1,1,5,1
1,b_b010308,8,2,3,1
1,d_d005930,5,2,3,1
2,d_d003452,2,1,2,1
1,d_d009311,8,1,4,1
3,d_d005225,2,1,1,1
1,d_d000002,1,2,5,1
1,d_d001386,1,2,6,1
1,b_b002120,6,1,5,1
1,d_d006731,1,2,4,1
2,c_c003979,7,1,4,3
1,d_d002865,1,1,3,1
1,d_d001428,10,2,3,1
1,d_d000469,5,2,3,1
1,a_a008302,7,2,3,1
1,d_d007819,1,1,5,1
2,a_a005684,2,2,1,1
1,a_a008137,8,2,4,1
6,d_d000097,2,2,4,3
2,b_b000565,7,2,6,1
1,b_b008080,7,2,3,1
2,b_b004278,2,1,1,1
4,d_d009893,2,2,1,1
1,d_d004858,2,2,1,1
3,d_d001549,2,1,1,1
1,b_b000483,7,1,3,1
1,d_d002906,6,1,5,3
2,b_b004557,2,2,3,1
5,b_b003032,6,2,5,3
1,a_a000197,2,1,4,1
4,d_d003696,7,2,6,1
3,d_d002311,2,2,1,1
3,d_d004661,5,2,4,1
1,d_d007369,1,2,4,1
8,c_c006685,10,1,6,1
2,d_d010113,7,2,3,1
1,d_d000007,1,2,5,2
1,d_d003472,2,2,4,1
8,d_d002717,6,2,1,1
1,d_d006729,1,1,4,1
1,d_d001993,1,1,6,1
1,d_d008023,8,1,3,1
2,a_a002495,2,2,4,1
1,d_d001370,7,2,3,1
4,d_d001326,7,1,5,1
2,d_d001523,10,2,4,1
1,d_d007013,7,1,3,2
1,d_d002779,3,2,5,1
2,d_d012321,2,1,1,1
2,d_d001672,2,2,3,1
2,d_d008096,2,1,1,1
9,d_d002717,6,1,1,1
4,d_d001015,7,1,3,1
1,d_d006067,1,2,5,1
2,d_d001223,2,1,4,1
1,d_d001626,1,1,4,1
3,a_a001912,5,2,4,1
1,c_c002799,8,2,3,1
2,d_d002763,7,2,5,1
4,d_d002561,5,2,3,1
1,d_d012388,1,1,6,1
1,d_d002560,9,1,4,1
1,d_d000886,8,1,3,1
1,c_c000890,7,1,4,1
1,c_c000982,1,2,5,1
1,d_d004115,1,1,6,3
1,d_d007057,8,2,3,1
3,d_d005569,2,2,1,1
3,d_d000248,5,2,5,1
1,d_d001423,8,1,4,1
1,d_d012308,4,2,6,1
1,d_d001399,2,2,2,1
2,b_b002523,7,1,3,1
1,d_d004845,3,2,7,1
1,d_d007109,8,2,3,1
3,d_d010450,2,1,2,1
2,d_d002004,2,2,1,1
1,c_c001961,1,2,3,1
1,d_d004783,1,1,4,1
1,d_d002844,7,2,3,1
1,d_d009124,1,2,4,1
2,d_d002574,2,1,1,1
1,a_a001222,1,1,7,1
2,a_a000411,2,1,1,1
1,a_a008714,9,2,6,1
1,d_d004296,1,2,4,1
1,d_d010436,7,2,4,1
2,d_d000701,2,2,1,1
1,d_d003290,7,2,4,1
1,d_d009770,1,1,5,1
2,a_a007586,2,2,1,1
3,d_d001410,5,1,2,1
4,d_d000990,9,1,4,2
1,d_d012399,1,1,3,1
1,d_d005754,8,2,3,1
4,d_d000920,5,1,4,3
1,a_a005862,8,1,3,3
1,d_d001453,2,1,3,1
6,d_d009805,11,2,1,1
1,a_a002022,1,1,7,1
1,d_d012374,1,2,4,1
2,d_d003591,8,1,4,1
3,d_d003547,2,1,1,1
2,a_a001537,2,1,1,1
14,d_d006832,9,2,5,1
1,d_d000447,7,1,6,1
1,d_d010178,8,2,3,1
3,d_d001591,7,2,4,1
3,d_d007764,5,1,4,3
2,d_d001657,7,2,4,2
1,a_a002796,8,1,5,1
1,d_d012487,1,1,4,1
3,d_d010626,2,1,2,1
4,a_a001220,1,1,8,1
3,d_d009683,6,2,6,1
1,b_b000938,1,2,4,1
1,d_d009016,8,1,3,3
2,d_d000729,6,2,3,1
1,d_d001294,8,2,4,1
2,d_d005114,5,2,4,2
3,d_d002872,2,2,2,1
1,a_a000317,1,1,6,1
1,d_d005178,1,1,5,1
2,d_d001015,7,1,3,1
1,d_d005917,8,2,3,3
1,d_d006952,7,2,6,1
2,d_d006390,7,2,3,1
1,d_d001833,1,2,5,1
5,d_d000097,1,1,7,3
2,b_b003076,2,2,2,1
5,d_d003840,7,2,4,3
1,d_d006795,7,1,3,1
3,d_d009259,5,2,3,1
1,d_d001770,1,2,5,1
3,b_b000938,2,2,1,1
3,b_b004543,2,2,1,1
2,b_b004416,2,2,1,1
2,d_d003425,2,2,2,1
1,a_a003675,8,1,4,1
2,d_d001941,7,2,4,1
1,d_d006137,3,1,7,1
1,d_d010685,8,2,3,1
5,a_a004897,7,1,5,1
3,d_d003031,5,1,3,1
2,d_d001816,6,2,6,1
1,c_c000609,2,2,2,1
5,b_b000823,2,1,1,1
1,d_d010391,1,1,4,1
1,d_d000648,8,2,3,1
2,d_d001894,3,2,5,1
3,d_d009921,5,1,4,1
3,d_d002397,3,2,6,1
2,c_c002824,6,1,2,1
3,b_b000022,2,1,1,1
1,d_d000261,7,1,4,3
4,b_b003774,2,1,3,1
1,d_d001901,6,2,3,1
3,d_d002802,2,2,4,3
1,d_d007500,7,2,4,1
2,b_b010862,2,2,4,1
1,d_d008184,1,1,5,1
9,d_d000181,7,1,5,1
8,d_d000188,9,1,4,1
1,d_d009381,8,2,3,1
1,d_d004713,1,1,4,1
3,c_c003735,7,1,5,1
5,d_d003019,6,1,4,1
2,d_d002308,3,1,7,1
1,d_d012203,3,1,7,1
1,d_d001160,1,1,5,1
6,d_d000966,10,2,3,3
2,d_d002274,7,2,3,1
1,d_d000605,8,2,4,1
3,d_d003120,2,2,2,1
1,d_d007974,1,1,4,1
1,a_a012439,8,1,4,1
1,d_d010304,3,2,6,1
2,d_d004684,7,2,5,3
2,d_d011384,2,1,2,1
2,c_c006820,2,2,2,1
4,d_d004227,2,2,1,1
1,d_d004356,8,1,5,1
4,d_d009921,5,2,4,2
1,d_d002718,7,2,3,2
2,a_a000839,2,1,1,1
1,d_d000968,7,2,4,1
1,d_d007489,1,1,6,1
3,b_b006175,7,2,3,1
3,d_d002027,3,1,8,1
1,d_d001976,1,1,8,1
1,d_d002533,9,1,4,1
4,d_d006137,6,1,2,1
1,d_d007863,3,1,7,1
1,b_b004388,1,1,5,1
2,d_d004407,2,1,1,1
2,d_d001641,7,2,3,3
1,d_d003576,8,1,3,1
1,d_d010231,7,2,3,1
2,a_a001459,7,2,3,1
6,d_d009808,6,1,3,1
1,d_d006185,1,2,4,1
3,d_d003101,6,1,1,1
1,d_d002000,8,1,3,1
1,d_d002857,1,2,4,1
1,d_d007674,5,2,5,1
1,d_d002595,5,2,4,1
3,c_c001016,5,1,3,1
1,d_d000345,8,1,3,1
1,d_d002613,8,2,3,1
16,d_d000373,9,1,2,1
3,d_d002495,3,1,7,3
1,d_d000330,1,2,4,1
2,d_d009137,2,2,2,1
3,c_c001602,7,2,4,1
1,d_d001406,7,2,4,1
1,d_d000054,1,2,5,1
1,d_d011027,3,2,7,1
1,d_d004589,1,1,4,1
1,d_d009805,1,2,4,1
8,d_d000266,11,1,1,3
1,d_d003592,7,1,3,3
1,a_a008642,8,2,3,2
2,d_d003928,2,2,4,1
7,c_c000784,6,2,2,3
1,b_b002235,7,2,4,1
1,d_d009609,1,1,4,1
2,c_c005544,6,1,5,1
2,d_d000884,8,2,4,1
5,b_b000483,7,1,3,1
1,d_d009215,1,1,6,1
2,b_b000453,2,2,1,1
1,d_d003736,8,1,4,1
1,d_d009412,8,1,3,1
1,d_d002997,1,1,5,1
4,d_d001764,6,1,5,1
2,d_d012407,2,1,1,1
6,a_a003002,2,1,1,1
2,d_d000689,2,2,2,1
2,b_b000606,2,2,3,1
1,d_d003547,1,2,4,1
16,d_d002473,11,2,2,1
2,b_b004713,5,2,6,1
1,d_d005005,8,2,4,1
1,d_d009893,1,1,5,1
1,d_d000818,8,2,3,1
2,d_d000797,7,2,4,1
2,a_a002757,2,2,1,1
3,d_d006274,2,2,2,1
1,a_a002774,1,1,4,1
1,b_b001937,10,2,5,1
2,d_d011394,2,1,1,1
7,c_c001813,11,2,4,3
9,d_d001993,7,2,6,1
2,d_d006140,2,2,1,1
3,a_a015309,2,1,1,1
1,d_d009248,7,2,4,1
2,d_d004476,7,1,4,1
2,d_d000950,7,2,3,1
4,d_d002027,2,2,5,1
3,c_c000024,3,2,7,3
3,d_d002295,2,2,1,1
2,d_d012363,2,1,2,1
6,d_d000480,6,1,1,1
2,d_d001805,11,2,1,1
2,a_a000868,5,2,3,1
1,d_d004131,8,1,4,1
1,d_d009025,7,2,3,1
2,b_b003777,7,1,3,1
1,a_a000220,1,1,4,1
5,d_d009769,6,2,7,1
2,d_d007184,3,2,7,1
2,c_c001676,2,1,2,1
2,d_d004827,2,2,1,1
5,d_d000373,9,1,4,1
3,c_c002604,5,2,4,1
1,d_d001379,8,1,4,1
2,d_d004195,9,2,5,2
1,a_a004162,8,1,3,1
5,c_c002117,11,2,3,1
1,d_d003397,7,1,5,1
3,d_d000480,5,2,4,1
1,d_d002588,2,2,4,1
1,a_a003005,1,1,4,1
2,d_d000181,2,1,1,1
1,d_d010750,1,2,5,1
1,b_b002878,8,2,4,1
7,d_d005501,10,2,6,1
1,c_c003698,3,1,5,1
2,d_d003795,7,2,3,1
1,d_d006274,1,2,5,1
1,a_a001824,7,2,4,1
1,d_d000402,1,2,4,1
5,a_a003002,2,2,1,1
1,d_d002841,8,1,4,1
1,b_b001584,1,2,4,1
1,d_d009096,8,1,3,1
1,d_d003534,1,1,6,1
2,d_d010606,9,1,3,2
1,a_a000311,2,1,1,1
1,d_d006204,1,2,5,1
2,d_d001949,2,1,2,1
1,d_d012401,1,2,4,1
2,b_b005963,2,2,1,1
2,a_a000328,2,1,2,1
3,a_a002583,2,2,1,1
2,d_d004381,2,2,1,1
2,b_b005014,2,1,1,1
2,d_d004738,5,2,4,1
2,d_d003862,7,2,4,1
3,b_b014337,7,2,7,1
3,d_d006732,11,1,1,1
1,d_d001697,8,2,4,1
3,d_d006186,11,2,5,1
4,b_b002120,2,1,2,1
9,c_c002143,6,1,1,1
2,d_d009890,2,2,1,1
6,a_a003533,7,1,3,1
1,d_d001980,1,1,4,1
1,d_d004040,7,1,3,1
1,d_d001916,1,1,5,1
1,d_d008058,1,2,5,3
1,d_d004431,1,1,4,1
2,d_d007655,2,1,1,1
1,d_d002214,8,1,3,1
3,c_c004805,3,2,7,1
1,d_d002234,1,1,4,1
4,a_a005765,3,1,7,1
2,b_b002028,10,1,7,3
1,d_d006657,8,2,3,1
3,d_d000022,2,2,1,1
1,d_d000699,8,2,4,1
2,d_d001800,2,2,4,1
1,d_d004590,7,1,4,1
2,c_c002074,2,2,1,1
1,d_d001447,7,2,3,1
1,d_d004464,1,2,4,1
1,c_c000157,1,1,6,1
3,d_d003472,2,2,1,1
2,d_d004019,2,2,5,1
1,b_b002795,7,2,3,1
3,d_d002757,7,1,3,1
1,c_c005312,8,2,5,1
1,d_d002787,7,2,4,1
1,d_d001876,1,1,4,1
2,b_b003984,9,1,4,3
5,b_b002120,2,1,2,1
2,d_d000043,2,2,4,1
1,b_b000232,1,2,5,1
1,d_d000496,8,2,4,1
2,d_d003141,2,1,1,1
7,d_d002717,6,1,4,1
1,b_b000295,5,2,4,1
2,d_d005222,7,2,4,1
2,c_c004480,7,1,3,2
1,d_d001753,7,2,6,3
2,d_d000357,2,2,4,1
1,d_d012368,7,1,4,1
1,a_a001986,1,2,4,1
1,d_d009826,3,1,6,1
1,b_b005117,7,2,4,1
2,d_d003889,2,2,1,1
2,d_d000074,3,2,8,1
2,d_d002223,7,2,4,1
2,d_d004918,9,2,3,1
5,d_d000431,7,2,5,1
1,d_d001180,1,2,4,1
3,d_d003534,5,1,7,1
3,d_d011374,2,2,1,1
4,d_d000482,9,2,5,1
2,b_b005163,2,2,3,1
1,a_a010968,7,1,4,1
4,d_d000451,5,2,3,1
2,c_c008279,2,2,3,1
4,d_d007389,7,2,3,2
1,b_b011589,2,1,1,1
1,d_d000391,8,1,4,1
2,d_d000741,2,2,5,1
1,d_d003994,8,2,3,1
4,c_c006685,10,1,6,1
1,c_c001754,1,2,4,1
3,d_d002130,7,2,3,3
1,d_d000143,8,1,3,1
2,d_d009988,5,2,3,1
1,d_d000347,7,1,3,1
1,d_d009380,7,2,3,1
1,d_d004236,1,2,3,1
2,d_d007150,7,2,5,1
2,d_d002853,2,1,1,1
1,d_d000074,1,2,5,1
1,d_d004911,7,2,3,1
2,d_d011147,5,1,3,1
2,d_d002770,7,1,3,1
3,d_d003907,2,2,4,1
1,d_d002703,9,1,6,1
3,d_d004801,7,2,3,1
2,d_d002940,2,2,1,1
1,d_d003561,1,1,4,1
1,d_d001272,7,1,3,3
1,d_d000214,1,2,6,1
2,b_b000278,2,2,1,1
2,d_d005569,2,1,1,1
2,d_d000208,2,2,1,1
3,c_c002799,7,1,4,3
1,d_d002531,8,2,3,3
1,d_d001463,1,1,4,1
4,d_d002432,2,1,1,1
1,b_b010862,1,2,7,1
2,d_d001030,2,1,3,1
1,d_d000912,7,2,3,3
1,d_d004256,1,2,4,1
1,c_c003655,7,2,3,1
2,d_d003778,2,2,3,1
1,d_d000572,2,2,5,1
1,d_d004600,2,2,4,1
2,c_c000609,2,1,2,1
1,d_d004302,1,2,4,1
1,d_d004048,8,1,4,1
1,c_c003035,8,1,5,1
1,d_d004837,8,1,4,1
1,d_d000455,7,1,3,3
2,d_d006186,5,1,4,1
2,d_d005129,2,2,1,1
2,d_d000755,10,1,3,1
2,d_d000309,2,2,4,1
2,d_d002022,6,2,7,2
2,b_b002109,7,2,4,3
2,d_d004065,7,1,3,1
2,d_d000351,7,2,3,1
12,c_c006685,10,1,6,1
1,a_a004336,3,1,6,1
3,b_b000205,2,1,2,1
2,d_d001014,9,2,4,3
1,d_d010433,8,1,3,3
1,c_c001016,1,1,6,1
1,d_d000326,2,2,3,1
4,a_a006040,2,1,1,1
6,d_d002717,5,2,4,1
2,d_d002295,2,1,2,1
1,d_d003807,7,1,4,3
1,d_d005862,1,2,4,3
1,a_a001497,1,1,4,1
4,d_d005151,2,2,1,1
3,d_d001833,2,2,1,1
7,a_a001537,11,2,1,2
3,c_c001254,5,2,3,2
3,c_c003424,2,2,1,1
1,d_d006120,7,2,3,1
10,d_d001624,6,2,1,1
1,b_b007524,1,1,5,1
3,d_d001904,2,2,3,1
3,d_d009165,7,2,3,1
7,d_d000188,9,1,4,1
4,d_d005976,2,1,1,1
1,d_d000019,2,1,4,1
1,d_d005869,1,2,3,1
1,d_d000701,1,2,4,1
1,d_d001030,1,2,6,1
3,d_d004569,2,2,1,1
2,d_d006080,2,1,1,1
1,d_d004415,7,2,4,1
2,b_b000295,11,1,4,2
2,d_d004371,7,2,4,1
2,c_c000396,2,2,3,1
6,d_d000188,7,1,3,1
1,d_d002819,1,1,6,1
4,c_c002143,5,1,3,1
2,d_d001874,2,2,5,1
3,a_a007289,2,1,1,1
2,d_d003720,2,2,2,1
1,b_b014724,1,1,6,1
1,d_d004426,1,2,6,1
4,a_a000887,5,2,4,3
1,d_d001909,8,1,4,1
1,a_a001746,1,2,6,1
2,c_c001068,7,1,3,3
1,d_d003833,1,2,5,1
1,d_d001031,1,1,7,3
1,d_d005569,1,2,4,1
5,d_d000117,2,2,2,1
2,b_b004798,2,2,2,1
1,d_d010634,7,2,3,3
1,a_a004257,8,2,3,1
1,d_d002789,9,2,3,1
3,a_a000408,7,1,3,2
2,d_d000157,2,1,2,3
1,d_d003675,1,1,5,1
2,d_d007572,2,2,2,1
3,d_d001531,7,1,5,1
2,d_d002464,2,2,1,1
4,d_d000285,2,2,1,1
1,d_d005079,1,1,5,1
2,a_a000652,7,1,5,3
1,a_a006612,2,2,1,1
2,d_d005178,2,2,2,1
1,d_d000483,8,1,3,1
1,d_d000341,8,1,4,1
3,d_d000955,5,2,4,1
1,d_d010305,7,2,4,1
1,b_b009832,1,1,6,1
3,d_d005131,2,2,1,1
2,d_d003567,7,2,5,2
1,d_d007766,8,2,3,1
1,d_d001844,1,1,8,1
2,d_d000072,2,1,1,1
2,a_a010014,2,1,1,1
2,d_d001062,10,1,3,3
4,d_d001224,2,2,1,1
3,d_d006652,2,1,1,1
1,d_d002852,1,1,5,1
2,d_d002757,7,2,3,1
3,d_d000922,6,2,2,1
3,d_d000090,2,2,2,1
4,a_a009733,6,2,1,1
8,d_d000373,9,1,3,1
3,d_d000117,1,1,6,1
1,d_d000441,8,2,3,1
1,a_a011717,1,1,5,1
1,d_d003313,1,2,4,1
2,d_d003545,7,1,3,2
3,a_a003278,7,1,4,1
2,d_d002798,2,2,3,1
1,c_c002960,5,2,4,2
1,d_d000729,3,2,5,1
3,d_d010576,6,2,5,1
1,d_d004054,1,1,5,1
1,d_d001531,1,2,5,1
4,d_d001555,5,1,7,1
1,d_d006214,8,1,4,1
2,d_d005975,11,2,3,1
1,d_d009439,7,1,6,1
1,d_d008982,8,1,3,1
1,d_d004960,6,1,4,1
3,c_c002988,5,1,5,3
3,d_d006759,7,1,1,1
1,d_d007755,7,2,3,1
1,d_d003031,1,1,6,1
3,d_d001292,6,2,1,1
3,d_d000120,2,2,2,1
1,d_d000216,1,1,5,1
2,d_d002997,2,1,1,1
3,d_d005405,2,1,2,1
2,b_b002776,7,2,4,1
1,c_c001359,2,1,3,1
3,d_d000689,2,2,2,1
1,d_d000437,8,2,3,1
1,d_d009260,9,2,5,1
4,d_d009890,2,2,1,1
3,d_d002681,4,2,8,1
1,d_d002341,2,1,4,1
1,d_d004627,5,1,2,1
2,d_d004953,2,2,4,1
4,d_d010185,6,2,7,1
1,d_d002894,7,2,3,1
4,d_d001476,7,1,4,3
1,b_b003052,1,2,5,1
1,d_d010450,1,2,5,1
2,d_d007778,7,2,4,2
1,d_d010582,8,2,4,1
2,d_d000395,2,2,1,1
1,c_c000128,1,1,5,1
1,c_c000059,8,1,4,1
1,d_d003223,8,2,3,1
2,d_d001682,7,1,4,1
1,d_d000048,8,1,4,1
1,d_d001707,8,2,3,1
2,c_c000128,2,2,2,1
1,d_d005925,1,1,5,1
1,a_a004694,8,2,3,1
1,a_a003521,1,1,5,1
1,d_d000583,8,2,3,1
4,b_b000650,5,1,2,1
1,d_d002187,8,1,6,1
3,d_d000631,2,2,2,1
2,d_d000747,2,2,2,1
5,b_b002109,7,2,4,3
1,a_a001388,8,1,3,1
2,d_d002483,3,2,7,1
1,d_d000747,1,1,5,1
3,d_d001595,9,2,4,1
1,d_d006923,8,1,3,1
3,d_d003040,2,1,2,1
1,b_b000993,1,1,7,1
1,b_b009811,8,1,5,1
1,d_d000996,1,1,5,1
1,d_d009828,7,1,3,1
2,c_c003062,9,1,7,1
1,d_d000223,8,1,4,1
5,d_d001276,2,2,3,3
2,d_d002010,1,2,7,1
1,d_d004914,8,1,3,1
2,d_d004588,7,1,3,1
1,d_d009193,1,2,5,1
1,d_d005338,1,1,4,1
1,d_d004635,2,1,1,1
1,d_d007572,1,1,5,1
2,d_d005738,2,2,2,1
4,d_d001288,11,1,1,2
1,d_d003953,7,1,5,1
4,d_d005131,2,2,1,1
1,d_d000182,1,2,5,1
1,a_a003802,8,2,4,1
2,a_a000967,2,1,2,1
2,d_d002137,2,2,3,1
3,d_d002223,7,2,4,1
1,c_c002779,8,1,3,1
5,a_a006040,2,1,1,1
2,d_d001115,2,2,4,1
3,a_a001220,6,2,1,1
1,d_d001557,2,1,5,1
1,d_d008180,7,1,3,1
1,d_d008070,8,1,4,1
2,d_d002472,7,2,4,1
2,d_d000749,7,2,5,1
1,d_d002847,8,1,4,1
1,c_c001124,1,1,5,1
1,a_a011544,2,2,2,1
1,d_d004476,1,2,4,1
1,b_b004835,8,2,3,1
3,d_d012374,2,1,1,1
2,b_b001937,10,2,5,1
3,d_d001319,2,1,1,1
1,d_d001618,7,1,3,1
1,d_d003517,7,1,4,3
4,d_d003875,2,2,1,1
1,d_d004624,1,1,5,1
1,d_d001574,1,2,4,1
1,d_d005087,8,1,5,1
4,d_d000867,5,1,3,1
4,d_d000494,5,2,3,2
1,d_d002406,1,2,5,1
2,d_d004061,7,2,3,1
2,a_a002976,7,2,3,2
2,d_d007500,7,2,4,1
1,d_d007870,3,1,7,1
1,d_d002102,8,2,3,1
2,d_d000771,7,1,4,1
2,d_d008992,3,2,6,1
1,b_b006953,1,1,7,1
2,d_d003360,7,2,5,3
10,d_d011384,6,2,2,1
1,c_c002788,1,1,8,1
3,d_d003119,2,2,3,1
1,d_d008042,7,2,3,1
1,c_c002534,1,2,5,1
4,d_d002408,2,2,4,3
1,d_d004411,1,1,5,1
3,d_d003019,2,2,1,1
1,d_d000049,8,2,3,1
2,d_d007467,5,2,4,1
1,d_d003346,1,2,6,1
1,d_d003411,1,2,5,1
2,a_a000169,1,2,6,1
1,d_d000260,11,1,3,3
1,d_d009574,8,1,4,1
2,d_d003686,7,2,4,3
2,d_d004646,2,1,1,1
5,c_c002988,6,1,1,3
2,d_d002379,2,1,1,1
2,a_a003005,2,1,1,1
1,d_d002070,1,2,4,1
8,c_c002143,6,2,4,1
1,c_c002185,7,2,4,1
1,a_a000794,1,1,4,1
1,a_a004731,1,2,4,1
2,d_d001182,6,2,2,3
2,d_d001961,2,2,1,1
1,d_d010575,3,1,6,1
1,a_a003745,1,2,4,1
7,d_d001216,6,1,3,1
1,d_d002739,8,1,4,1
2,d_d007038,2,2,2,1
1,c_c000775,8,2,4,1
7,d_d002906,6,1,2,1
1,d_d003507,10,1,5,1
2,d_d006836,3,2,6,1
1,d_d007602,8,1,3,1
16,d_d006832,9,2,5,1
1,a_a001994,1,2,5,1
18,b_b002028,10,1,6,3
1,d_d003166,8,1,3,1
1,d_d001373,8,1,4,1
2,d_d001984,2,1,1,1
1,d_d000962,1,2,4,1
3,d_d001615,5,1,3,1
3,d_d001276,6,2,4,3
1,d_d004677,7,2,3,1
5,d_d001591,11,1,1,1
3,d_d000729,6,2,3,1
2,d_d001453,1,2,6,1
1,d_d000299,1,2,5,1
1,d_d000895,1,1,6,1
1,d_d002423,1,2,5,1
1,d_d006732,1,1,7,1
1,d_d007038,1,1,5,1
2,d_d003209,7,2,5,1
1,d_d000863,8,2,3,1
1,d_d011394,1,1,5,3
2,d_d000288,7,2,3,3
1,d_d004533,2,2,1,1
1,b_b006115,8,2,3,1
3,c_c003081,6,1,1,2
3,a_a000095,2,1,1,1
1,c_c003424,1,2,4,1
2,d_d009936,2,2,1,1
2,c_c002513,10,2,6,1
4,d_d012254,7,1,3,1
1,d_d000640,1,2,4,1
1,c_c002245,1,1,7,1
2,c_c004645,1,2,7,1
1,d_d002094,7,2,3,1
1,d_d004165,1,1,3,1
4,d_d003019,3,2,7,1
3,d_d012472,3,2,6,1
1,d_d001220,1,2,5,1
1,d_d006767,7,1,4,1
1,d_d006063,1,2,5,1
2,c_c005490,2,1,2,1
1,d_d012384,2,2,2,1
1,d_d005128,1,1,4,2
1,c_c005107,8,2,4,1
1,d_d004119,1,1,4,1
1,b_b005641,1,1,5,1
3,d_d003696,7,2,6,1
1,d_d000368,7,1,4,1
1,d_d000466,3,1,5,1
2,d_d003841,7,1,3,1
1,d_d002780,1,1,4,1
2,d_d005131,2,1,1,1
3,d_d007489,2,2,2,1
1,d_d009564,1,1,4,1
1,b_b004339,1,2,5,1
1,d_d004656,7,2,3,1
3,d_d000878,2,1,1,1
2,d_d000965,3,1,7,3
1,c_c001751,7,1,5,3
3,d_d002251,10,2,4,3
2,a_a004572,7,1,3,1
1,b_b000962,7,1,4,3
4,b_b008080,7,1,4,1
1,d_d000006,1,1,6,1
1,d_d004972,1,2,5,1
8,d_d000990,7,1,3,1
1,d_d007150,7,2,5,1
1,d_d011430,7,2,4,1
1,d_d009605,1,1,4,1
1,c_c002382,7,2,5,1
1,a_a001773,7,2,3,1
1,d_d002148,9,2,3,1
2,d_d005540,2,1,1,1
1,a_a000343,2,1,5,1
1,d_d006709,1,2,4,1
2,d_d000962,7,1,5,1
15,d_d002473,11,2,2,1
1,c_c005490,1,2,5,1
1,d_d005246,1,1,4,1
2,a_a000541,7,2,3,1
1,d_d010354,10,2,3,1
2,a_a005580,1,2,6,1
1,d_d002773,1,2,3,1
3,d_d000091,6,2,2,1
1,d_d003127,8,2,3,1
2,d_d007523,9,2,5,1
2,b_b001050,2,1,1,1
2,d_d003119,2,2,1,1
16,c_c006685,10,1,6,1
7,d_d001076,11,2,1,1
1,d_d003897,1,2,4,1
1,d_d009694,8,1,3,1
1,d_d001357,2,1,4,1
2,d_d000584,7,2,3,1
1,a_a000553,1,2,5,1
1,d_d010326,8,2,4,1
2,d_d002439,6,1,1,1
1,a_a005208,8,1,4,1
1,d_d001432,7,2,3,1
1,c_c008681,1,2,4,1
1,d_d002686,1,2,4,1
1,d_d009045,8,1,4,1
2,b_b001198,1,2,6,1
1,a_a017861,1,2,6,1
1,a_a002082,7,2,6,1
8,d_d001624,6,2,5,1
3,d_d004523,2,1,2,1
1,b_b000818,2,2,3,1
3,c_c002788,2,2,5,1
1,d_d001720,1,2,3,1
3,d_d009780,2,2,1,1
2,d_d007122,7,1,3,1
1,d_d000743,1,2,6,1
1,d_d000946,8,2,4,1
6,b_b008080,7,1,3,1
3,a_a011164,7,2,3,1
4,d_d000755,10,1,3,1
5,d_d000480,6,1,1,1
2,d_d009808,3,1,6,1
2,a_a002963,3,1,8,1
2,d_d002345,1,2,7,1
2,d_d007600,7,1,3,1
3,d_d001523,10,1,4,1
3,d_d002694,10,1,4,1
1,a_a002327,8,2,3,2
3,d_d000701,3,2,7,1
2,d_d004389,7,2,4,1
4,d_d001448,5,2,6,3
2,d_d000268,2,2,1,1
7,d_d007389,7,2,3,2
3,d_d001892,2,1,2,1
1,a_a002405,2,1,1,1
4,d_d000014,2,1,2,1
2,d_d000327,2,2,3,3
9,d_d000084,10,1,4,1
2,d_d000431,7,1,4,1
1,b_b007402,8,2,3,1
1,d_d000120,1,1,6,1
3,a_a000707,7,1,4,1
1,d_d002467,1,2,5,1
1,d_d007846,1,1,4,1
1,d_d005329,8,2,3,1
1,d_d001842,2,1,4,2
2,d_d000895,2,2,3,1
4,d_d002694,10,1,4,1
9,d_d002473,11,1,2,1
2,d_d006734,7,2,3,1
3,d_d001701,5,2,3,1
1,d_d004582,8,1,3,1
5,d_d011698,7,2,4,1
1,d_d000973,7,2,4,3
2,d_d009242,5,1,3,1
1,d_d009772,4,2,8,1
1,d_d010606,9,1,3,2
1,d_d001387,7,2,3,1
3,d_d005398,7,2,4,1
1,d_d009265,8,1,4,1
1,d_d002587,8,2,3,1
1,d_d001541,2,2,4,1
1,d_d003425,1,1,5,1
1,d_d008156,2,1,3,1
1,d_d000676,1,2,4,1
1,d_d003186,8,1,3,1
1,d_d001727,7,2,3,1
3,d_d002478,2,2,1,1
2,d_d008965,2,2,1,1
3,d_d004865,2,1,2,1
1,d_d006080,1,1,5,1
5,d_d002694,10,2,4,1
3,d_d001651,5,2,3,1
1,d_d010199,7,2,3,2
1,d_d006170,8,1,3,1
1,d_d009090,8,2,3,1
4,d_d001624,3,2,7,1
1,d_d004446,1,1,5,1
3,d_d001448,5,2,6,3
1,d_d010501,3,2,6,1
1,d_d002881,1,1,5,1
2,d_d000794,2,2,3,1
3,a_a002172,5,1,3,1
1,b_b014606,8,1,4,1
1,d_d001018,1,2,4,1
1,d_d002103,1,1,7,1
2,b_b009857,6,2,3,1
1,d_d007834,7,2,3,1
7,c_c006685,10,1,6,1
4,d_d002757,7,1,4,1
1,d_d000752,7,2,3,1
3,b_b001756,2,2,1,1
3,a_a014564,10,2,4,1
6,d_d001519,3,1,7,1
1,d_d008994,8,1,3,1
2,d_d011721,7,1,4,1
1,d_d009222,1,1,5,1
5,d_d007799,5,2,5,1
2,d_d001606,9,1,4,2
1,d_d002793,8,1,3,1
2,d_d002875,2,1,1,1
2,d_d002561,2,2,3,1
1,d_d000324,1,1,5,1
4,d_d000084,10,2,6,1
3,d_d005129,2,1,1,1
3,d_d000019,5,1,5,1
1,d_d005117,2,2,3,1
5,a_a001396,6,2,1,3
1,d_d000619,7,1,3,1
1,d_d004943,7,2,3,1
1,d_d010335,3,1,6,1
2,d_d000041,11,1,7,1
1,b_b001265,6,1,4,1
12,a_a001537,7,1,4,2
2,d_d006672,2,2,1,1
1,d_d004103,7,1,4,1
9,a_a001537,7,2,4,2
1,a_a000761,1,1,6,1
2,d_d000867,2,2,4,1
3,d_d000669,5,2,3,1
1,d_d009149,8,1,5,1
1,d_d002664,3,2,6,1
1,d_d012472,1,2,4,1
1,d_d002022,2,2,4,1
3,d_d004075,2,2,1,1
2,d_d001226,5,2,4,1
1,d_d005955,2,2,4,1
1,d_d001856,1,1,6,1
1,d_d009066,1,1,5,1
1,d_d009159,8,1,4,1
3,a_a000926,5,1,3,1
1,d_d005308,7,2,3,3
6,d_d001818,11,1,1,1
6,d_d005501,10,2,6,1
1,d_d007809,3,2,5,1
2,d_d001753,7,2,6,3
1,d_d006126,8,1,4,1
1,a_a006550,7,2,3,1
3,c_c006820,2,1,2,1
2,d_d000264,2,1,1,1
2,b_b000051,2,1,4,1
1,a_a003933,8,2,3,1
1,d_d002379,1,2,4,1
5,a_a000408,8,1,3,3
2,d_d005149,7,2,3,2
2,d_d001292,5,2,4,1
1,d_d002051,7,1,3,1
1,d_d004915,9,1,4,1
1,d_d001779,1,1,4,1
1,a_a001299,7,2,3,1
2,d_d005355,2,2,1,1
3,d_d003962,5,2,4,1
1,d_d000551,11,2,4,2
5,d_d010217,10,1,2,1
1,d_d000255,8,1,4,1
2,d_d009921,3,2,6,1
1,d_d002152,2,1,1,1
1,a_a001966,8,1,3,1
1,d_d002298,1,1,8,1
6,d_d003333,6,2,6,1
1,b_b003951,1,1,5,1
2,a_a005372,7,2,3,1
1,d_d009014,2,1,4,1
1,d_d000323,1,2,4,1
4,d_d001522,2,1,5,1
6,d_d004960,5,1,4,2
3,a_a001746,2,2,2,1
1,a_a002120,1,1,4,1
1,d_d007965,8,1,5,1
1,a_a003002,1,1,7,1
5,a_a001537,7,2,4,2
1,d_d005801,8,1,4,1
2,b_b000993,2,2,3,1
2,d_d001560,4,1,7,1
1,a_a001318,8,2,3,3
3,a_a001299,7,2,3,1
2,d_d004119,2,1,1,1
1,d_d007632,8,1,4,1
1,a_a012086,8,2,3,1
1,c_c000316,8,1,4,1
1,d_d000593,2,1,3,1
3,d_d002476,2,1,1,1
1,d_d010344,7,2,3,1
1,d_d005795,1,1,5,2
1,d_d002399,8,1,3,1
1,d_d012407,2,2,2,1
3,d_d000175,2,1,1,1
1,d_d009041,7,2,4,1
5,d_d000266,2,2,1,1
3,d_d001031,5,1,3,1
2,d_d009620,2,2,1,1
3,d_d002747,2,2,1,1
1,a_a003193,8,1,3,1
6,d_d002906,6,1,5,1
3,d_d000431,7,1,4,1
2,a_a001773,7,2,3,1
1,d_d003446,1,2,4,1
1,d_d004997,8,1,3,1
1,a_a004199,1,1,4,1
1,d_d002507,9,1,4,2
4,d_d001993,7,1,6,1
1,d_d001380,1,2,5,1
2,d_d006281,7,2,4,1
1,a_a001287,1,2,4,1
2,d_d009728,2,1,2,1
3,d_d002341,5,2,3,1
1,d_d001471,1,2,3,1
1,d_d004324,8,2,3,1
1,d_d011757,8,2,3,1
1,d_d002247,1,1,4,1
1,d_d012310,1,1,5,1
3,d_d008205,2,2,1,1
1,d_d005892,1,1,7,1
2,a_a000710,2,1,1,1
3,c_c003909,7,2,3,3
3,d_d008247,6,1,5,1
2,b_b000542,1,2,6,1
3,d_d012260,2,2,2,1
1,d_d003234,7,2,6,1
2,d_d005188,7,2,4,1
1,d_d003136,7,1,3,1
2,d_d003099,6,2,6,1
2,b_b002120,1,1,7,1
7,d_d000684,6,2,1,1
3,d_d001476,7,2,4,3
1,c_c004502,1,2,5,1
2,d_d003040,2,1,3,1
5,d_d002256,7,2,3,2
1,d_d007770,3,1,6,1
1,d_d002443,2,1,4,1
2,d_d004101,5,2,4,1
4,d_d001999,2,2,1,1
1,d_d001259,8,2,3,1
1,c_c003946,1,1,4,1
1,d_d003330,8,1,3,1
2,a_a006980,7,2,3,3
1,d_d002283,5,2,3,1
2,d_d001410,3,2,5,1
1,a_a002561,1,1,5,1
2,d_d003962,2,2,4,1
1,d_d000046,1,2,5,1
3,c_c003035,7,2,4,1
3,a_a000927,6,2,1,3
3,d_d003049,11,2,4,1
2,d_d009819,7,1,3,1
2,d_d004515,2,2,1,1
2,d_d000308,7,2,3,1
1,d_d010527,1,1,4,1
3,d_d002345,1,2,4,1
3,d_d006215,2,2,4,2
8,d_d002328,6,2,2,1
7,d_d000639,6,1,4,3
3,d_d003563,7,1,3,2
3,d_d009206,3,2,7,3
2,d_d010231,7,2,3,1
1,d_d002225,7,2,3,1
1,d_d007793,7,2,3,1
5,d_d002838,5,2,3,1
1,d_d000878,1,2,4,1
1,d_d011170,3,1,6,1
3,d_d001924,2,2,3,1
2,a_a004327,2,2,3,1
1,d_d001331,1,1,6,1
1,b_b010046,1,1,5,1
1,d_d000889,1,2,5,3
13,c_c006685,10,1,6,1
1,a_a000328,1,1,5,1
3,a_a002757,2,2,2,1
2,d_d010997,2,2,1,1
2,d_d002703,9,1,6,1
8,d_d000092,6,2,3,3
2,d_d001437,5,2,4,3
3,d_d012347,5,1,5,1
1,d_d004936,1,2,3,1
3,d_d002561,5,1,4,1
3,d_d000169,2,2,2,1
2,d_d003146,3,1,7,1
1,c_c001068,7,1,3,3
3,d_d009087,2,2,1,1
2,d_d001357,1,2,7,1
2,d_d007452,3,2,7,1
1,a_a009422,5,2,4,1
1,d_d000226,7,2,3,1
3,d_d002489,2,2,1,1
1,d_d007019,7,1,4,1
3,d_d002447,7,1,4,3
3,d_d000554,2,2,4,2
1,d_d009146,7,2,3,2
1,b_b003060,8,1,3,1
2,d_d001783,2,1,2,1
1,d_d001440,8,1,3,1
1,a_a004350,8,2,3,1
4,d_d004159,2,1,5,1
2,d_d012472,5,1,4,1
3,d_d000159,2,2,2,2
1,d_d001234,2,2,4,1
1,d_d006182,7,2,4,3
2,a_a011162,3,2,6,3
3,d_d007947,2,1,1,1
1,d_d004515,1,1,5,1
5,d_d000084,10,1,5,1
1,d_d001713,7,1,3,1
1,d_d006057,2,1,1,1
1,c_c001676,1,1,5,1
2,d_d009603,2,1,2,1
2,d_d000631,2,1,1,1
1,d_d002165,1,1,4,1
4,a_a003278,7,1,4,1
1,d_d001560,1,1,5,1
3,d_d001270,5,2,1,1
1,a_a011233,8,1,3,1
3,d_d001682,7,2,4,1
2,d_d000068,2,2,1,1
3,d_d000041,11,1,5,1
2,d_d001655,2,2,3,3
4,d_d000309,5,2,3,1
2,d_d006137,3,2,7,1
1,d_d005800,1,1,4,1
2,d_d002906,1,1,8,1
1,d_d000148,1,1,6,3
2,d_d001542,7,1,5,1
3,a_a000159,2,2,2,1
3,d_d009241,5,2,3,1
1,d_d009662,1,1,4,1
1,d_d006998,1,2,4,1
1,a_a002300,7,2,3,1
2,d_d009208,2,1,1,1
3,d_d003925,7,2,4,1
1,d_d006322,8,1,4,1
2,a_a010968,7,1,3,1
1,d_d001716,5,2,4,1
3,d_d000841,7,2,3,1
2,d_d001935,5,2,4,1
2,d_d001484,7,2,3,1
2,a_a000926,1,1,6,1
3,d_d001598,2,2,1,1
2,d_d000393,7,1,3,1
1,d_d000971,1,2,4,1
1,d_d004964,8,2,3,1
1,d_d001757,10,1,4,1
1,d_d009089,3,2,6,1
11,b_b002028,10,2,7,3
2,d_d002558,7,1,3,1
1,a_a001537,1,1,4,1
1,d_d005403,2,2,3,1
1,a_a003547,1,2,5,1
1,a_a002172,1,1,6,1
2,d_d006166,2,1,1,1
7,a_a000553,7,2,5,1
1,d_d010361,1,1,4,1
2,c_c002576,1,1,7,1
2,d_d006210,7,2,3,1
1,d_d001705,8,1,3,1
1,d_d004780,8,1,3,1
1,a_a003218,8,1,3,1
5,d_d001016,3,2,7,3
1,d_d004580,1,1,4,1
1,d_d002667,7,2,3,1
2,a_a003214,2,2,2,1
3,d_d002342,5,1,3,1
1,d_d001741,2,1,4,3
1,d_d011493,1,2,3,1
1,d_d011349,3,2,6,1
1,d_d000547,7,2,3,1
1,d_d000263,7,1,3,1
3,d_d010606,9,1,4,2
3,d_d009306,2,2,1,1
1,a_a014180,8,1,3,1
1,d_d000766,7,2,5,1
6,d_d002325,6,1,4,1
1,d_d003392,7,1,3,3
1,b_b007077,1,1,4,1
4,d_d000922,6,1,2,1
2,d_d000278,2,1,1,1
4,c_c000583,7,2,4,1
1,b_b003076,1,1,5,1
1,d_d009581,8,2,4,1
1,d_d000966,10,1,3,3
1,d_d010197,8,1,3,1
3,d_d001424,7,1,4,1
1,d_d003215,1,1,5,1
4,d_d006281,7,2,4,3
12,a_a000660,6,2,3,1
1,d_d005116,1,2,5,1
3,d_d001368,2,2,1,1
2,a_a011254,3,1,8,1
11,c_c000260,11,1,1,3
1,d_d001818,2,1,1,1
1,b_b005963,1,1,4,1
3,d_d004294,2,1,1,1
6,a_a000887,6,1,1,3
1,d_d002702,1,1,4,1
1,d_d000630,8,2,4,1
3,c_c006801,3,2,8,1
1,d_d001615,3,2,6,1
3,d_d003795,7,1,3,1
1,d_d002170,7,2,3,3
1,d_d002089,8,2,4,1
1,b_b004327,1,2,5,1
1,b_b003777,7,1,3,1
3,a_a000311,5,2,4,3
6,d_d003196,5,1,3,1
2,c_c003735,7,2,5,1
1,d_d000018,7,2,3,1
6,b_b000512,5,1,4,1
2,d_d001659,2,1,1,1
1,b_b000885,1,1,7,1
4,d_d001655,5,1,2,3
2,d_d002130,7,2,3,3
1,a_a001781,1,1,5,1
2,d_d000552,7,1,3,1
2,d_d009816,2,1,2,1
1,d_d002278,2,2,4,1
1,d_d000692,7,2,3,3
2,d_d012370,2,1,1,1
3,a_a011254,3,2,8,1
2,d_d010161,7,1,3,1
1,d_d005455,1,2,7,1
1,a_a003101,7,1,5,1
1,d_d003918,8,2,3,1
1,b_b000565,7,2,5,1
1,d_d001395,8,2,4,1
1,d_d002295,1,1,5,1
1,d_d000153,8,2,3,1
2,d_d000170,2,2,3,1
1,d_d012315,2,2,1,1
1,d_d000825,7,2,4,3
1,a_a002838,7,1,5,1
2,a_a004595,6,1,4,1
1,d_d000790,8,2,3,1
1,d_d002419,8,1,3,1
1,d_d002317,1,2,4,1
1,d_d010193,8,2,4,1
1,d_d006359,1,2,5,1
1,d_d000622,7,2,3,3
4,d_d001502,6,1,6,1
1,d_d001846,7,2,3,1
1,d_d004834,8,1,4,1
4,d_d001651,7,2,5,1
3,d_d000187,2,1,1,1
1,a_a002903,8,1,3,1
2,d_d001121,2,1,1,1
1,d_d009306,1,2,4,1
2,d_d003120,2,1,2,1
2,d_d002681,1,2,6,1
2,d_d010185,2,1,1,1
4,d_d004296,2,1,1,1
1,d_d007397,1,2,5,1
3,d_d005113,3,1,8,1
1,d_d001689,1,1,4,1
1,d_d001758,7,1,3,1
1,d_d003771,8,1,3,1
3,b_b002776,7,2,4,1
1,d_d000866,7,1,3,3
6,b_b006175,10,2,3,1
3,a_a011008,2,1,1,1
5,d_d001998,6,1,4,1
1,b_b000022,1,2,4,1
3,d_d001758,7,1,3,1
2,d_d009826,3,2,7,1
1,d_d000291,7,2,3,1
3,d_d004619,9,2,4,3
1,a_a007586,1,2,4,1
1,d_d000769,8,2,3,1
1,b_b007514,9,1,5,1
1,c_c002138,1,2,5,1
6,a_a001396,6,2,1,3
8,d_d004062,2,2,1,1
2,d_d012273,2,1,2,1
1,a_a000710,1,2,4,1
1,d_d000842,7,2,3,1
3,a_a000559,5,1,3,1
1,d_d007806,8,1,4,1
2,b_b003039,7,2,4,1
2,d_d000793,7,2,3,2
4,d_d005113,6,2,7,1
1,d_d005085,8,1,3,1
9,d_d002328,6,1,2,1
2,d_d001846,7,2,3,1
1,a_a000490,1,2,5,1
1,d_d000757,7,1,3,1
2,c_c000505,6,2,3,1
3,d_d003156,7,2,4,1
1,d_d000068,1,1,5,1
3,d_d001062,10,1,3,3
1,d_d002495,3,1,5,1
1,d_d002940,1,1,5,1
1,d_d007184,3,1,7,1
1,d_d000158,1,2,5,1
2,d_d000545,7,2,3,1
1,d_d005575,2,2,2,1
2,d_d003875,2,1,2,1
3,d_d000334,7,1,4,3
1,d_d000354,8,1,3,1
3,d_d009053,2,2,1,1
2,d_d000086,2,2,1,1
1,a_a006666,1,1,5,1
2,d_d000283,1,2,5,1
3,d_d004186,2,1,2,1
2,d_d004569,2,2,1,1
2,d_d006307,7,2,3,1
1,d_d001096,7,2,3,1
2,d_d001198,11,1,4,1
2,d_d004213,5,2,4,1
9,c_c000260,7,2,4,3
1,d_d012347,1,1,6,1
1,d_d008208,2,1,2,1
2,d_d001071,7,2,3,3
2,d_d006713,2,2,1,1
2,d_d002086,2,2,4,1
1,d_d010097,1,2,5,1
2,c_c001254,1,2,5,1
1,d_d003030,1,1,5,1
1,d_d000374,6,1,4,3
1,d_d002861,2,2,1,1
1,d_d000141,7,2,3,3
2,b_b002037,2,2,3,3
2,c_c002438,9,2,4,1
2,b_b000836,7,1,5,3
1,d_d002111,7,2,3,1
3,d_d001208,2,1,3,1
1,d_d002763,7,2,4,1
1,d_d004838,1,1,7,1
4,c_c000784,2,1,2,1
3,b_b005117,7,2,4,1
1,d_d004100,1,1,5,1
3,d_d002247,2,2,1,1
1,d_d002998,8,1,3,3
1,d_d004311,2,2,4,1
4,d_d001062,10,1,3,3
1,d_d000012,8,1,3,1
3,d_d006310,2,2,2,1
3,c_c001100,2,1,1,1
1,d_d006740,3,2,7,1
2,d_d002864,2,2,2,1
1,d_d009319,1,1,5,1
2,d_d002495,2,1,1,1
2,d_d009087,2,1,1,1
1,d_d008228,1,1,4,1
1,d_d000302,2,1,5,1
1,c_c002761,1,2,4,1
1,d_d004588,8,1,3,1
15,b_b002028,10,1,7,3
3,d_d006659,5,2,3,1
3,d_d006666,6,2,3,1
1,d_d001591,7,2,4,1
1,d_d002478,1,2,5,1
3,d_d001818,7,2,5,1
1,a_a005321,7,1,4,1
1,d_d002661,8,1,4,1
2,d_d004579,1,1,7,1
3,c_c003189,5,2,3,1
1,d_d001339,7,1,5,1
1,d_d010484,3,2,6,1
2,d_d012290,2,2,1,1
4,d_d001411,11,1,5,1
3,b_b007514,9,1,4,1
3,b_b004836,5,1,4,1
2,a_a000561,2,1,1,1
1,d_d001676,2,1,1,1
3,c_c000260,7,2,4,3
1,d_d012325,1,2,4,1
1,d_d003179,8,2,3,1
9,d_d001624,6,2,2,1
1,a_a002451,8,1,4,1
1,d_d003156,1,2,5,1
3,d_d000309,5,1,3,1
3,d_d002717,1,1,5,1
2,d_d001385,2,1,4,1
1,d_d000538,8,2,3,1
4,d_d001665,9,2,5,1
1,d_d002256,8,1,3,1
1,d_d007017,5,2,3,3
1,c_c002319,7,1,4,1
1,d_d002845,7,2,3,1
2,d_d010401,3,2,7,1
3,a_a003485,7,2,4,1
1,b_b002162,7,1,6,1
1,d_d000776,7,2,4,1
1,d_d003875,1,1,5,1
1,d_d000784,5,2,2,1
3,d_d004296,2,1,1,1
1,d_d002694,10,1,5,1
1,c_c003050,1,1,4,1
1,d_d004124,1,2,4,1
2,b_b011640,2,1,1,1
4,a_a001696,7,2,3,1
3,d_d009890,2,2,1,1
1,d_d004710,8,1,4,1
3,d_d003209,7,2,5,1
1,d_d012356,1,1,5,1
4,d_d004165,11,2,6,1
1,d_d002961,1,1,5,1
1,d_d001775,8,1,4,1
2,d_d002451,2,2,2,1
3,d_d009039,7,2,4,2
1,d_d004201,7,2,4,1
2,d_d000175,2,2,1,1
1,d_d000450,7,2,3,1
2,d_d001728,7,2,3,1
5,d_d004713,6,2,2,1
2,a_a001714,7,2,5,1
2,c_c001096,7,2,3,1
3,d_d007809,5,1,2,1
1,d_d012255,1,2,5,1
1,d_d005001,7,2,3,1
2,a_a015309,2,1,1,1
5,d_d001288,11,2,1,2
2,d_d001610,2,1,1,1
1,c_c002513,10,1,6,1
4,a_a010968,7,1,3,1
2,d_d009189,7,2,3,2
3,d_d003889,2,2,1,1
2,b_b014724,2,2,3,1
1,d_d003040,1,1,6,1
1,d_d000871,8,1,4,1
1,d_d007660,1,1,5,2
3,d_d000281,5,2,3,1
2,a_a001746,2,1,2,1
1,d_d005998,1,1,4,1
1,a_a002392,7,2,3,1
1,d_d002329,2,1,3,1
16,b_b002028,10,1,7,3
2,d_d010097,2,2,1,1
1,d_d002681,2,1,3,1
2,d_d011356,5,2,3,1
1,d_d010272,8,1,3,1
3,d_d002408,3,1,7,3
2,d_d002954,2,1,1,1
1,b_b000461,8,2,3,1
6,c_c004984,6,1,1,1
1,d_d009637,8,1,4,1
1,d_d005975,2,2,3,1
2,c_c000085,6,1,1,1
2,d_d010389,7,2,4,2
1,d_d000033,1,2,5,1
1,d_d009099,8,1,3,1
3,d_d008255,5,2,3,1
5,d_d005291,5,2,4,3
1,d_d010203,1,1,4,1
1,d_d003054,8,1,4,1
1,a_a003541,1,2,6,1
2,d_d002838,2,1,3,1
1,d_d002802,6,1,4,1
1,a_a002913,3,2,4,1
1,d_d001361,1,2,4,1
1,b_b000363,2,1,3,1
1,b_b015453,1,1,5,1
11,a_a003533,7,1,4,1
2,d_d004874,7,2,4,2
2,a_a002689,2,2,1,1
2,d_d000820,7,2,3,1
3,d_d001981,10,1,2,1
3,d_d001641,7,2,3,3
1,d_d005276,8,2,4,1
2,d_d001758,7,1,3,1
1,d_d007006,8,2,4,1
2,d_d000261,7,1,4,3
1,d_d001555,1,1,7,1
1,d_d004166,8,1,3,1
2,d_d002965,2,1,2,1
2,d_d006146,2,2,1,1
4,d_d007128,3,2,8,1
5,d_d002495,5,2,5,3
1,d_d002954,1,1,4,1
5,d_d007128,6,2,5,1
1,d_d002228,2,2,4,1
3,d_d000296,2,2,1,1
2,c_c002516,2,2,4,1
7,d_d002681,6,2,6,1
2,a_a000317,6,1,5,1
4,d_d008112,4,2,8,1
1,a_a007172,7,2,5,1
1,d_d006262,8,1,4,1
1,d_d003867,8,1,3,3
3,d_d007819,2,2,1,1
2,d_d009805,2,2,1,1
1,d_d007626,7,2,3,1
1,a_a001118,1,1,5,1
6,d_d000181,7,2,2,1
5,d_d000463,7,2,5,3
3,d_d000267,6,2,7,1
1,d_d002616,8,2,4,1
5,d_d009315,6,1,4,1
2,d_d006731,2,2,1,1
1,d_d007149,7,1,3,1
2,d_d009193,3,2,8,1
4,c_c001169,5,2,5,1
1,d_d003409,7,2,5,1
3,a_a005187,7,1,3,1
1,d_d009484,7,2,4,1
1,d_d012360,8,2,3,1
1,d_d002713,8,2,4,3
2,c_c000100,2,1,3,1
1,d_d002490,7,2,3,1
1,b_b004713,3,2,8,1
1,d_d008222,1,1,4,1
2,d_d002138,7,1,3,3
1,d_d004391,1,2,4,1
1,d_d008992,5,1,3,1
11,a_a000660,6,1,5,1
1,d_d010862,7,2,4,1
3,c_c006685,10,1,7,1
2,a_a002583,2,1,1,1
1,d_d000511,7,1,3,1
2,c_c001169,2,2,4,1
1,d_d004738,2,2,4,1
4,d_d012310,3,1,8,3
2,d_d000319,2,2,3,1
2,d_d003050,2,1,1,1
1,d_d007761,8,1,4,1
4,d_d000639,2,1,5,3
2,d_d009053,2,2,1,1
1,d_d001124,1,1,8,1
2,d_d004446,2,1,1,1
3,d_d006801,7,1,3,2
1,d_d010343,2,1,2,1
3,a_a000868,6,1,4,1
1,d_d002288,1,1,4,1
3,d_d001621,5,1,4,1
1,d_d012314,8,1,5,1
1,d_d000507,8,2,3,1
2,d_d000956,9,1,3,1
3,d_d003411,2,1,2,1
2,d_d004284,2,1,1,1
2,d_d003432,2,1,2,1
4,d_d000741,5,2,4,1
4,d_d012472,5,1,4,1
2,d_d001076,5,2,5,1
7,a_a003002,6,1,2,1
2,d_d010551,3,2,7,3
1,d_d005629,1,2,5,1
1,d_d003521,1,1,4,1
2,d_d012350,7,1,4,1
1,d_d003463,1,1,4,1
1,d_d004661,2,2,4,1
1,c_c002171,1,1,7,1
2,d_d009893,2,1,1,1
1,d_d000169,1,2,5,1
3,a_a012195,2,2,1,1
1,d_d004219,1,2,4,1
1,d_d009588,8,1,4,1
2,d_d010040,3,2,6,1
5,d_d002681,6,2,6,1
2,d_d002955,2,2,2,1
1,d_d005222,7,2,4,1
1,c_c000083,7,2,3,1
2,d_d001272,7,1,3,3
2,d_d010850,2,1,1,1
4,d_d002033,11,2,3,1
4,a_a000310,5,2,3,1
3,d_d003397,7,1,5,3
1,d_d000416,1,2,4,1
4,d_d000466,2,2,5,1
4,b_b002109,7,2,4,3
5,d_d001076,11,2,2,1
1,d_d011384,1,1,4,1
1,d_d000689,1,2,5,1
2,b_b000363,5,2,3,1
2,d_d003645,2,1,1,1
1,d_d001733,2,2,1,1
2,d_d001263,7,2,4,1
3,c_c007620,5,2,4,1
1,d_d003572,8,2,4,1
2,b_b002448,2,1,1,1
1,c_c000002,2,1,3,1
3,b_b000483,7,1,3,1
1,d_d009804,1,1,4,1
1,d_d000372,8,2,3,1
1,b_b001756,1,2,4,1
1,d_d004873,1,1,4,1
1,d_d006098,8,2,4,1
3,d_d005114,6,1,4,2
1,b_b000384,1,1,4,1
2,a_a002384,7,2,3,3
3,d_d003977,2,2,3,1
17,d_d002473,2,2,1,1
6,b_b002120,5,2,4,1
3,a_a000541,7,1,3,2
1,d_d001649,2,2,3,1
1,d_d010040,3,1,7,1
1,a_a002757,1,2,5,1
1,a_a000707,7,1,4,1
3,b_b007899,2,2,1,1
6,d_d002495,5,1,5,3
3,b_b003032,2,2,4,1
1,d_d003799,8,1,3,1
3,d_d000274,2,1,2,1
1,d_d007014,7,2,3,1
4,d_d007600,7,2,3,1
5,a_a005372,7,1,3,1
1,d_d000395,1,2,5,1
1,a_a005918,2,2,4,1
2,d_d000092,2,1,3,1
3,d_d005999,6,2,8,1
1,b_b005360,2,2,3,1
1,d_d006379,2,1,4,1
2,d_d000669,2,2,3,1
1,d_d003044,1,1,6,1
7,d_d005800,11,1,1,3
2,b_b004064,2,1,1,1
1,d_d002019,1,2,5,1
1,d_d003925,1,1,5,1
1,d_d004993,8,1,3,1
2,d_d001658,2,2,1,1
4,d_d000266,2,2,1,1
1,d_d000190,7,2,5,3
1,d_d005347,1,1,4,1
1,b_b006476,1,1,4,1
1,d_d003194,1,2,5,1
3,d_d004213,6,1,1,1
2,d_d010367,2,2,4,3
1,d_d009166,1,1,4,1
2,a_a011164,7,2,3,1
2,a_a005187,7,1,4,1
1,d_d002273,2,2,4,1
1,d_d012400,1,2,5,1
1,d_d001671,8,1,4,1
1,d_d001788,8,2,3,1
3,d_d004754,2,2,1,1
1,c_c003189,2,1,3,1
3,a_a003533,7,1,3,1
1,b_b005014,1,1,4,1
14,a_a003533,7,1,4,1
1,d_d007859,8,1,3,1
2,d_d006801,7,1,3,1
1,b_b006175,7,1,3,1
2,a_a005789,2,2,1,1
1,d_d006393,3,2,7,1
1,d_d012349,1,1,5,1
1,d_d003180,1,1,4,1
1,d_d010113,7,2,3,1
2,d_d000866,7,1,3,1
1,d_d004299,1,1,5,1
2,d_d001707,7,2,3,1
6,a_a001537,11,1,1,2
2,b_b012519,3,2,6,1
4,d_d000054,2,2,1,1
1,d_d011298,2,2,1,1
1,d_d011359,8,1,3,3
3,d_d002052,1,1,5,3
1,d_d000524,8,1,4,1
1,d_d001610,1,2,4,1
2,c_c002634,1,2,6,1
1,b_b004897,1,2,3,1
2,d_d002484,2,1,1,1
2,a_a001220,6,1,1,1
2,d_d003721,2,2,2,1
3,c_c004480,7,2,3,2
2,c_c002263,2,2,1,1
1,d_d007481,8,2,3,1
1,c_c003390,8,2,4,1
3,d_d000407,2,1,1,1
3,d_d003446,7,2,4,1
3,a_a003265,2,2,1,1
1,d_d001187,5,2,5,1
8,d_d004432,6,2,7,1
1,d_d009819,7,1,3,1
1,d_d001661,1,1,4,1
4,d_d000395,6,2,5,1
4,d_d003591,6,1,1,1
3,d_d010335,5,2,3,1
1,d_d001156,7,2,3,1
2,d_d001326,7,1,5,1
1,c_c002221,2,2,3,1
9,c_c004984,3,2,8,1
1,d_d009165,1,2,3,1
3,d_d004588,7,1,3,2
2,d_d006716,2,1,2,1
1,d_d004247,2,2,1,1
2,d_d003608,2,2,1,1
2,d_d012347,2,2,2,2
1,d_d001515,2,1,4,1
6,d_d005800,11,2,1,3
4,d_d001160,6,1,2,1
1,a_a009733,3,2,6,1
4,d_d012432,3,2,8,3
1,c_c002202,2,2,3,1
2,a_a002082,7,2,6,1
2,c_c002960,8,2,4,1
19,c_c006685,10,1,5,1
2,b_b000938,2,1,2,1
2,a_a002913,6,1,1,1
1,d_d005501,10,2,7,1
1,d_d001894,3,1,6,1
1,a_a000394,3,2,4,1
2,c_c003248,7,2,4,1
1,a_a002314,8,1,4,1
1,d_d010281,8,1,3,1
1,d_d000589,6,1,4,3
1,d_d005761,8,2,3,1
4,a_a000671,7,1,4,1
2,a_a002609,6,2,1,1
2,a_a001287,2,2,1,1
2,d_d002895,2,1,1,1
1,a_a002295,1,2,5,1
5,d_d000283,6,2,5,2
1,d_d000781,8,2,4,1
2,a_a002744,2,2,1,1
4,b_b000483,7,1,3,1
2,d_d004203,2,1,2,2
1,d_d005226,8,1,4,1
1,a_a001313,1,1,4,1
1,d_d001368,1,2,4,1
2,d_d003446,7,2,4,1
2,d_d009259,3,2,6,1
1,d_d001804,8,1,5,1
1,d_d007778,9,1,5,2
1,d_d001429,7,2,3,1
4,d_d000022,2,1,1,1
3,d_d002022,5,2,4,1
3,d_d010217,10,1,7,1
1,d_d001167,10,1,4,1
2,d_d001998,1,2,6,1
1,b_b002776,7,2,4,1
1,d_d010341,3,2,6,1
1,d_d002120,3,2,6,3
1,a_a004809,1,1,4,1
2,c_c002171,2,2,4,1
1,d_d006666,2,2,4,1
2,c_c005196,2,1,4,3
2,d_d001087,7,2,3,1
1,d_d002895,1,1,4,1
1,d_d008029,9,2,4,1
3,d_d000249,5,2,4,1
1,d_d009818,1,1,4,1
3,d_d000950,7,2,3,1
1,d_d003101,5,2,5,1
1,d_d005935,1,1,4,1
6,d_d001941,7,2,5,3
1,d_d002318,8,2,4,1
3,d_d006729,2,2,1,1
1,d_d009833,7,2,3,1
4,d_d009808,6,2,6,1
1,d_d003461,1,2,5,1
1,d_d006129,1,1,4,1
1,d_d001216,3,1,4,1
1,a_a002368,7,1,4,1
1,c_c000269,7,1,4,1
4,d_d009647,5,2,4,1
3,d_d001576,2,1,5,1
4,b_b004557,5,2,3,1
5,d_d001014,9,1,4,3
1,b_b002109,7,2,4,3
2,b_b004836,1,1,7,1
1,d_d001641,7,2,3,3
1,d_d009780,1,2,4,1
1,d_d012305,8,2,3,1
1,d_d000145,1,1,6,1
2,d_d011698,7,2,4,1
3,d_d009519,2,1,1,1
3,d_d000063,2,1,2,1
1,b_b009947,1,1,4,1
1,a_a006980,8,1,3,1
3,d_d005925,2,2,1,1
2,b_b001661,1,2,7,1
1,b_b002523,7,1,3,1
2,a_a000660,3,1,6,1
2,d_d002306,2,2,2,1
3,d_d003395,2,1,1,1
1,d_d004005,2,2,1,1
1,d_d005969,2,2,4,1
1,d_d001448,1,1,8,3
1,d_d000297,8,2,3,1
1,c_c003979,8,1,4,1
2,a_a001993,2,2,2,1
1,d_d003471,2,2,2,1
1,a_a004814,2,1,4,1
3,d_d000006,2,1,3,1
3,d_d002943,2,2,2,1
2,d_d000639,6,1,2,1
1,a_a013806,5,1,4,1
1,d_d000388,3,2,8,1
2,b_b000823,6,2,5,3
1,d_d000484,9,2,5,1
6,d_d009315,6,1,1,1
1,d_d002439,3,1,5,1
11,d_d000373,9,2,3,1
2,c_c006801,2,1,5,1
2,d_d003807,7,1,4,3
1,d_d007764,3,1,6,2
4,d_d001368,3,2,7,1
1,d_d001522,3,2,5,1
2,d_d003833,2,1,1,1
6,d_d000956,9,1,3,1
2,d_d000595,2,1,4,3
4,c_c000085,2,1,4,3
1,d_d002306,1,1,5,1
6,c_c001813,11,1,5,3
3,d_d002305,2,1,1,1
1,b_b004514,2,2,4,1
5,a_a003533,7,1,3,1
1,c_c003767,1,2,7,1
2,d_d001270,5,2,3,1
1,d_d009786,8,1,4,2
3,d_d002994,2,1,1,1
1,d_d006652,2,1,2,1
1,a_a002047,1,1,7,1
2,a_a003310,9,2,3,1
1,d_d002537,1,1,5,1
6,d_d000339,2,2,1,1
6,d_d002345,6,1,4,1
2,d_d005225,2,2,2,1
2,a_a014141,2,1,2,1
2,b_b000232,2,2,1,1
2,d_d000160,2,1,2,1
1,d_d009590,3,2,7,1
2,d_d003471,8,1,5,1
3,d_d006731,3,2,6,1
2,d_d000249,1,2,7,1
1,b_b005639,1,2,4,1
2,a_a000321,7,1,3,1
2,d_d000724,2,1,3,1
1,d_d001427,8,2,3,1
1,d_d006916,1,1,5,1
1,d_d003049,11,2,5,1
3,d_d001555,5,2,7,1
1,d_d010758,3,2,7,1
4,d_d002703,9,1,4,1
1,d_d000161,1,2,4,1
2,d_d004296,2,2,2,1
2,c_c000269,7,2,4,1
4,b_b002249,6,1,1,1
1,d_d000920,2,2,4,1
1,d_d005357,2,2,3,1
1,d_d007552,8,2,4,1
3,d_d008994,7,1,3,1
1,d_d003676,1,2,5,1
5,d_d005575,1,1,5,1
1,d_d000791,5,2,2,2
1,b_b004441,8,2,3,3
2,c_c003767,2,1,4,1
1,d_d003175,1,1,4,1
2,a_a002172,2,2,3,1
1,b_b000453,3,1,4,1
4,d_d000072,2,1,1,1
1,d_d012297,8,2,3,1
2,c_c001359,1,2,7,1
3,d_d002181,6,2,6,1
1,d_d005202,8,1,4,1
2,d_d002342,3,2,6,1
4,d_d004858,11,2,1,1
2,d_d003111,2,1,1,1
3,a_a011162,5,2,4,3
1,d_d006089,8,1,3,1
1,d_d009123,8,2,3,1
1,a_a001266,7,1,4,1
1,d_d002227,7,2,3,1
1,d_d005291,1,1,4,1
2,d_d000966,10,1,4,3
1,d_d009769,3,1,7,1
3,c_c000311,2,1,2,1
1,d_d003259,8,1,3,1
1,d_d002539,7,2,3,3
1,d_d009814,3,2,7,1
1,d_d001843,2,2,4,1
1,d_d005129,1,1,4,1
2,d_d000463,7,1,5,3
1,c_c001122,8,2,4,1
3,d_d001216,6,1,1,1
3,b_b004514,10,2,4,1
1,c_c002943,5,2,3,1
10,c_c000260,11,1,1,3
1,d_d003656,8,2,3,1
3,b_b000278,2,2,1,1
1,b_b004963,1,1,5,1
2,d_d000108,2,1,2,1
2,d_d000896,9,2,6,3
3,d_d000330,2,1,1,1
1,a_a006367,8,1,3,3
1,d_d003715,7,2,3,1
1,d_d002976,11,2,5,1
3,d_d001158,2,1,1,1
3,d_d000797,7,2,4,1
1,d_d002873,2,1,2,1
1,a_a003610,1,1,4,1
1,d_d001961,1,1,4,1
1,d_d001653,1,2,4,1
1,d_d001984,2,2,1,1
1,d_d009413,1,2,4,1
4,c_c000260,7,1,4,3
1,d_d000210,8,2,4,1
3,d_d000956,9,1,3,1
2,d_d004858,2,1,1,1
1,d_d002025,8,1,3,1
