,PHOTO_FILE_NM,VISIT_AREA_NM,X_COORD,Y_COORD
0,9.81파크 (2).jpg,9.81파크,126.366664,33.39028982
1,9.81파크 (3).jpg,9.81파크,126.366664,33.39028982
2,9.81파크 (4).jpg,9.81파크,126.366664,33.39028982
3,9.81파크.jpg,9.81파크,126.366664,33.39028982
4,a00028801007p0001.jpg,보문사,126.3214866,37.68881563
5,c00561303002p0001.jpg,비자림,126.8099875,33.49040837
6,c00561303002p0003.jpg,비자림,126.8099875,33.49040837
7,c00561303002p0004.jpg,비자림,126.8099875,33.49040837
8,c00561303002p0008.jpg,비자림,126.8099875,33.49040837
9,d00007201007p0003.jpg,한라수목원,126.4932661,33.46978393
10,d00008402004p0009.jpg,하멜상선전시관,126.3137024,33.23331003
11,d00009704004p0004.jpg,표선해수욕장,126.8374248,33.32751092
12,d00009704004p0006.jpg,표선해수욕장,126.8374248,33.32751092
13,d00009704004p0007.jpg,표선해수욕장,126.8374248,33.32751092
14,d00010104003p0003.jpg,하멜상선전시관,126.3137024,33.23331003
15,d00011902002p0001.jpg,솟솟리버스,126.5233058,33.51696264
16,d00011902002p0003.jpg,솟솟리버스,126.5233058,33.51696264
17,d00011902002p0004.jpg,솟솟리버스,126.5233058,33.51696264
18,d00011902002p0005.jpg,솟솟리버스,126.5233058,33.51696264
19,d00011902002p0006.jpg,솟솟리버스,126.5233058,33.51696264
20,d00016903005p0001.jpg,한림수협,126.2615061,33.41611525
21,d00016903005p0006.jpg,한림수협,126.2615061,33.41611525
22,d00018102003p0001.jpg,신화워터파크,126.3153985,33.30607406
23,d00018102003p0005.jpg,신화워터파크,126.3153985,33.30607406
24,d00018102003p0007.jpg,신화워터파크,126.3153985,33.30607406
25,d00018102003p0008.jpg,신화워터파크,126.3153985,33.30607406
26,d00018102003p0012.jpg,신화워터파크,126.3153985,33.30607406
27,d00018102003p0014.jpg,신화워터파크,126.3153985,33.30607406
28,d00018202004p0001.jpg,제주항공우주박물관,126.2996871,33.3042428
29,d00018202004p0002.jpg,제주항공우주박물관,126.2996871,33.3042428
30,d00020302006p0002.jpg,제주도립김창열미술관,126.2686621,33.33906784
31,d00020302006p0003.jpg,제주도립김창열미술관,126.2686621,33.33906784
32,d00020302006p0004.jpg,제주도립김창열미술관,126.2686621,33.33906784
33,d00020302006p0005.jpg,제주도립김창열미술관,126.2686621,33.33906784
34,d00020302006p0006.jpg,제주도립김창열미술관,126.2686621,33.33906784
35,d00020903005p0002.jpg,오설록티뮤지엄,126.2894893,33.30591329
36,d00020903005p0007.jpg,오설록티뮤지엄,126.2894893,33.30591329
37,d00020903005p0008.jpg,오설록티뮤지엄,126.2894893,33.30591329
38,d00020903005p0010.jpg,오설록티뮤지엄,126.2894893,33.30591329
39,d00024804002p0001.jpg,제주추사관,126.2782213,33.24997299
40,d00024804002p0002.jpg,제주추사관,126.2782213,33.24997299
41,d00024804002p0003.jpg,제주추사관,126.2782213,33.24997299
42,d00024804002p0004.jpg,제주추사관,126.2782213,33.24997299
43,d00024804002p0005.jpg,제주추사관,126.2782213,33.24997299
44,d00024804002p0006.jpg,제주추사관,126.2782213,33.24997299
45,d00068203002p0008.jpg,신화테마파크,126.3152821,33.30475888
46,d00068203002p0009.jpg,신화테마파크,126.3152821,33.30475888
47,d00074303005p0010.jpg,산물관광농원,126.6246915,33.25786673
48,d00074303005p0014.jpg,산물관광농원,126.6246915,33.25786673
49,d00075202004p0011.jpg,오설록티뮤지엄,126.2894893,33.30591329
50,d00092202005p0007.jpg,신양섭지해수욕장,126.9234728,33.43510307
51,d00092402006p0001.jpg,산방사,126.3125303,33.2369576
52,d00123202005p0004.jpg,성이시돌목장,126.3273211,33.34776988
53,d00139902003p0001.jpg,제주관광공사 지정면세점,126.424429,33.24134069
54,d00139902003p0002.jpg,제주관광공사 지정면세점,126.424429,33.24134069
55,d00139902003p0006.jpg,제주관광공사 지정면세점,126.424429,33.24134069
56,d00139902003p0007.jpg,제주관광공사 지정면세점,126.424429,33.24134069
57,d00139902003p0008.jpg,제주관광공사 지정면세점,126.424429,33.24134069
58,d00140604003p0001.jpg,서귀포향토오일시장,126.5738072,33.26707968
59,d00141102002p0009.jpg,우도올레보트,126.9446065,33.49676093
60,d00141102002p0014.jpg,우도올레보트,126.9446065,33.49676093
61,d00146401004p0001.jpg,제주커피박물관 바움,126.8991899,33.43990753
62,d00146401004p0002.jpg,제주커피박물관 바움,126.8991899,33.43990753
63,d00146401004p0003.jpg,제주커피박물관 바움,126.8991899,33.43990753
64,d00146401004p0005.jpg,제주커피박물관 바움,126.8991899,33.43990753
65,d00146401004p0006.jpg,제주커피박물관 바움,126.8991899,33.43990753
66,d00146401004p0007.jpg,제주커피박물관 바움,126.8991899,33.43990753
67,d00146401004p0008.jpg,제주커피박물관 바움,126.8991899,33.43990753
68,d00146401004p0009.jpg,제주커피박물관 바움,126.8991899,33.43990753
69,d00146401004p0010.jpg,제주커피박물관 바움,126.8991899,33.43990753
70,d00146401004p0011.jpg,제주커피박물관 바움,126.8991899,33.43990753
71,d00146401004p0012.jpg,제주커피박물관 바움,126.8991899,33.43990753
72,d00146401004p0014.jpg,제주커피박물관 바움,126.8991899,33.43990753
73,d00146401004p0016.jpg,제주커피박물관 바움,126.8991899,33.43990753
74,d00150803003p0001.jpg,섭지코지,126.9306092,33.42393807
75,d00150803003p0002.jpg,섭지코지,126.9306092,33.42393807
76,d00150803003p0003.jpg,섭지코지,126.9306092,33.42393807
77,d00150803003p0005.jpg,섭지코지,126.9306092,33.42393807
78,d00150803003p0007.jpg,섭지코지,126.9306092,33.42393807
79,d00150803003p0008.jpg,섭지코지,126.9306092,33.42393807
80,d00150803003p0009.jpg,섭지코지,126.9306092,33.42393807
81,d00157901007p0004.jpg,절물자연휴양림,126.6280113,33.43915259
82,d00157901007p0005.jpg,절물자연휴양림,126.6280113,33.43915259
83,d00157901007p0007.jpg,절물자연휴양림,126.6280113,33.43915259
84,d00160703006p0001.jpg,아프리카박물관,126.4293493,33.23974044
85,d00160703006p0002.jpg,아프리카박물관,126.4293493,33.23974044
86,d00160703006p0004.jpg,아프리카박물관,126.4293493,33.23974044
87,d00160703006p0005.jpg,아프리카박물관,126.4293493,33.23974044
88,d00160703006p0006.jpg,아프리카박물관,126.4293493,33.23974044
89,d00160703006p0007.jpg,아프리카박물관,126.4293493,33.23974044
90,d00160703006p0008.jpg,아프리카박물관,126.4293493,33.23974044
91,d00160703006p0009.jpg,아프리카박물관,126.4293493,33.23974044
92,d00160703006p0010.jpg,아프리카박물관,126.4293493,33.23974044
93,d00160703006p0011.jpg,아프리카박물관,126.4293493,33.23974044
94,d00160703006p0012.jpg,아프리카박물관,126.4293493,33.23974044
95,d00160703006p0013.jpg,아프리카박물관,126.4293493,33.23974044
96,d00160703006p0014.jpg,아프리카박물관,126.4293493,33.23974044
97,d00160703006p0015.jpg,아프리카박물관,126.4293493,33.23974044
98,d00160703006p0016.jpg,아프리카박물관,126.4293493,33.23974044
99,d00160703006p0017.jpg,아프리카박물관,126.4293493,33.23974044
100,d00160703006p0018.jpg,아프리카박물관,126.4293493,33.23974044
101,d00160703006p0019.jpg,아프리카박물관,126.4293493,33.23974044
102,d00160703006p0020.jpg,아프리카박물관,126.4293493,33.23974044
103,d00166202005p0003.jpg,피규어뮤지엄제주,126.3553565,33.28190641
104,d00166202005p0004.jpg,피규어뮤지엄제주,126.3553565,33.28190641
105,d00170101007p0001.jpg,제주레포츠랜드,126.6387551,33.4820682
106,d00170101007p0002.jpg,제주레포츠랜드,126.6387551,33.4820682
107,d00176403002p0001.jpg,생각하는정원,126.2549974,33.32549871
108,d00176403002p0003.jpg,생각하는정원,126.2549974,33.32549871
109,d00176403002p0004.jpg,생각하는정원,126.2549974,33.32549871
110,d00176403002p0007.jpg,생각하는정원,126.2549974,33.32549871
111,d00176403002p0008.jpg,생각하는정원,126.2549974,33.32549871
112,d00176403002p0009.jpg,생각하는정원,126.2549974,33.32549871
113,d00176403002p0010.jpg,생각하는정원,126.2549974,33.32549871
114,d00176403002p0013.jpg,생각하는정원,126.2549974,33.32549871
115,d00176403002p0014.jpg,생각하는정원,126.2549974,33.32549871
116,d00176403002p0016.jpg,생각하는정원,126.2549974,33.32549871
117,d00176403002p0018.jpg,생각하는정원,126.2549974,33.32549871
118,d00176403002p0019.jpg,생각하는정원,126.2549974,33.32549871
119,d00176502009p0001.jpg,중문회어시장,126.403934,33.25925856
120,d00181103003p0001.jpg,스누피가든,126.7796675,33.44335922
121,d00181103003p0002.jpg,스누피가든,126.7796675,33.44335922
122,d00181103003p0004.jpg,스누피가든,126.7796675,33.44335922
123,d00181103003p0005.jpg,스누피가든,126.7796675,33.44335922
124,d00181103003p0006.jpg,스누피가든,126.7796675,33.44335922
125,d00181103003p0007.jpg,스누피가든,126.7796675,33.44335922
126,d00181103003p0008.jpg,스누피가든,126.7796675,33.44335922
127,d00181103003p0009.jpg,스누피가든,126.7796675,33.44335922
128,d00181103003p0010.jpg,스누피가든,126.7796675,33.44335922
129,d00181103003p0011.jpg,스누피가든,126.7796675,33.44335922
130,d00181103003p0012.jpg,스누피가든,126.7796675,33.44335922
131,d00181103003p0013.jpg,스누피가든,126.7796675,33.44335922
132,d00181103003p0014.jpg,스누피가든,126.7796675,33.44335922
133,d00181103003p0015.jpg,스누피가든,126.7796675,33.44335922
134,d00181103003p0016.jpg,스누피가든,126.7796675,33.44335922
135,d00183802006p0002.jpg,선녀와나무꾼 테마공원,126.7037786,33.47879294
136,d00183802006p0005.jpg,선녀와나무꾼 테마공원,126.7037786,33.47879294
137,d00183802006p0006.jpg,선녀와나무꾼 테마공원,126.7037786,33.47879294
138,d00183802006p0007.jpg,선녀와나무꾼 테마공원,126.7037786,33.47879294
139,d00183802006p0008.jpg,선녀와나무꾼 테마공원,126.7037786,33.47879294
140,d00183802006p0009.jpg,선녀와나무꾼 테마공원,126.7037786,33.47879294
141,d00183802006p0010.jpg,선녀와나무꾼 테마공원,126.7037786,33.47879294
142,d00183802006p0011.jpg,선녀와나무꾼 테마공원,126.7037786,33.47879294
143,d00183802006p0012.jpg,선녀와나무꾼 테마공원,126.7037786,33.47879294
144,d00183802006p0013.jpg,선녀와나무꾼 테마공원,126.7037786,33.47879294
145,d00183802006p0014.jpg,선녀와나무꾼 테마공원,126.7037786,33.47879294
146,d00183802006p0015.jpg,선녀와나무꾼 테마공원,126.7037786,33.47879294
147,d00183802006p0016.jpg,선녀와나무꾼 테마공원,126.7037786,33.47879294
148,d00183802006p0017.jpg,선녀와나무꾼 테마공원,126.7037786,33.47879294
149,d00183802006p0018.jpg,선녀와나무꾼 테마공원,126.7037786,33.47879294
150,d00183802006p0019.jpg,선녀와나무꾼 테마공원,126.7037786,33.47879294
151,d00186304007p0002.jpg,제주4.3평화공원,126.6179268,33.45126835
152,d00186304007p0003.jpg,제주4.3평화공원,126.6179268,33.45126835
153,d00191602099p0001.jpg,제주야구인의마을,126.4155338,33.28104264
154,d00191702005p0006.jpg,포도뮤지엄,126.3859695,33.31927276
155,d00191702005p0007.jpg,포도뮤지엄,126.3859695,33.31927276
156,d00191702005p0009.jpg,포도뮤지엄,126.3859695,33.31927276
157,d00191702005p0010.jpg,포도뮤지엄,126.3859695,33.31927276
158,d00191702005p0011.jpg,포도뮤지엄,126.3859695,33.31927276
159,d00191702005p0014.jpg,포도뮤지엄,126.3859695,33.31927276
160,d00191702005p0016.jpg,포도뮤지엄,126.3859695,33.31927276
161,d00191702005p0017.jpg,포도뮤지엄,126.3859695,33.31927276
162,d00191702005p0019.jpg,포도뮤지엄,126.3859695,33.31927276
163,d00191702005p0020.jpg,포도뮤지엄,126.3859695,33.31927276
164,d00193407003p0002.jpg,한림민속5일시장,126.2741627,33.42018579
165,d00193407003p0003.jpg,한림민속5일시장,126.2741627,33.42018579
166,d00193407003p0004.jpg,한림민속5일시장,126.2741627,33.42018579
167,d00193407003p0007.jpg,한림민속5일시장,126.2741627,33.42018579
168,d00193702009p0002.jpg,우도산호해변,126.9430478,33.50240607
169,d00194402009p0002.jpg,사라봉공원,126.545546,33.51728425
170,d00194402009p0003.jpg,사라봉공원,126.545546,33.51728425
171,d00194903002p0002.jpg,제주아트서커스,126.3448107,33.31439218
172,d00194903002p0004.jpg,제주아트서커스,126.3448107,33.31439218
173,d00196702002p0002.jpg,제주현대미술관,126.265585,33.33966276
174,d00196702002p0004.jpg,제주현대미술관,126.265585,33.33966276
175,d00196702002p0005.jpg,제주현대미술관,126.265585,33.33966276
176,d00196702002p0006.jpg,제주현대미술관,126.265585,33.33966276
177,d00196702002p0010.jpg,제주현대미술관,126.265585,33.33966276
178,d00196702002p0012.jpg,제주현대미술관,126.265585,33.33966276
179,d00198402010p0007.jpg,수목원테마파크 아이스뮤지엄,126.4883977,33.47077732
180,d00198402010p0008.jpg,수목원테마파크 아이스뮤지엄,126.4883977,33.47077732
181,d00198402010p0009.jpg,수목원테마파크 아이스뮤지엄,126.4883977,33.47077732
182,d00199801004p0001.jpg,여미지식물원,126.4142595,33.25260678
183,d00199801004p0007.jpg,여미지식물원,126.4142595,33.25260678
184,d00200001002p0002.jpg,제주동문재래시장,126.5260174,33.51158514
185,d00200001002p0003.jpg,제주동문재래시장,126.5260174,33.51158514
186,d00200001002p0007.jpg,제주동문재래시장,126.5260174,33.51158514
187,d00200001002p0008.jpg,제주동문재래시장,126.5260174,33.51158514
188,d00200001002p0010.jpg,제주동문재래시장,126.5260174,33.51158514
189,d00200902009p0001.jpg,사라봉공원,126.545546,33.51728425
190,d00200902009p0002.jpg,사라봉공원,126.545546,33.51728425
191,d00200902009p0003.jpg,사라봉공원,126.545546,33.51728425
192,d00200902009p0005.jpg,사라봉공원,126.545546,33.51728425
193,d00200902009p0006.jpg,사라봉공원,126.545546,33.51728425
194,d00200902009p0007.jpg,사라봉공원,126.545546,33.51728425
195,d00200902009p0012.jpg,사라봉공원,126.545546,33.51728425
196,d00200902009p0017.jpg,사라봉공원,126.545546,33.51728425
197,d00201503003p0007.jpg,윈드1947카트테마파크,126.5888268,33.28951947
198,d00201503003p0010.jpg,윈드1947카트테마파크,126.5888268,33.28951947
199,d00201503003p0017.jpg,윈드1947카트테마파크,126.5888268,33.28951947
200,d00213402005p0002.jpg,제주성읍마을,126.8014989,33.38495973
201,d00213804003p0001.jpg,성산일출봉,126.9405375,33.45913497
202,d00213804003p0005.jpg,성산일출봉,126.9405375,33.45913497
203,d00213804003p0006.jpg,성산일출봉,126.9405375,33.45913497
204,d00213804003p0007.jpg,성산일출봉,126.9405375,33.45913497
205,d00213804003p0008.jpg,성산일출봉,126.9405375,33.45913497
206,d00213804003p0009.jpg,성산일출봉,126.9405375,33.45913497
207,d00213804003p0010.jpg,성산일출봉,126.9405375,33.45913497
208,d00218202003p0003.jpg,함덕해수욕장,126.6692389,33.54306157
209,d00236103005p0002.jpg,하우목동항,126.9429312,33.5094818
210,d00236103005p0003.jpg,하우목동항,126.9429312,33.5094818
211,d00236103005p0004.jpg,하우목동항,126.9429312,33.5094818
212,d00236103005p0011.jpg,하우목동항,126.9429312,33.5094818
213,d00238602002p0004.jpg,쇠소깍,126.6224051,33.25424607
214,d00238903006p0001.jpg,제주스위스마을,126.6767733,33.49394448
215,d00238903006p0002.jpg,제주스위스마을,126.6767733,33.49394448
216,d00238903006p0003.jpg,제주스위스마을,126.6767733,33.49394448
217,d00238903006p0004.jpg,제주스위스마을,126.6767733,33.49394448
218,d00238903006p0005.jpg,제주스위스마을,126.6767733,33.49394448
219,d00242601006p0005.jpg,제주카약올레,126.3104746,33.46233117
220,d00246401005p0001.jpg,제주신라호텔 수영장,126.40804,33.24747415
221,d00246401005p0002.jpg,제주신라호텔 수영장,126.40804,33.24747415
222,d00246401005p0003.jpg,제주신라호텔 수영장,126.40804,33.24747415
223,d00248502005p0002.jpg,제주자연생태공원,126.8237765,33.4401587
224,d00254701002p0005.jpg,한라생태숲,126.5976996,33.43129334
225,d00254701002p0006.jpg,한라생태숲,126.5976996,33.43129334
226,d00255403007p0003.jpg,소길별하,126.3757759,33.42983943
227,d00255403007p0004.jpg,소길별하,126.3757759,33.42983943
228,d00255403007p0005.jpg,소길별하,126.3757759,33.42983943
229,d00255403007p0008.jpg,소길별하,126.3757759,33.42983943
230,d00255403007p0009.jpg,소길별하,126.3757759,33.42983943
231,d00255403007p0010.jpg,소길별하,126.3757759,33.42983943
232,d00255403007p0011.jpg,소길별하,126.3757759,33.42983943
233,d00255403007p0012.jpg,소길별하,126.3757759,33.42983943
234,d00255403007p0013.jpg,소길별하,126.3757759,33.42983943
235,d00255403007p0015.jpg,소길별하,126.3757759,33.42983943
236,d00255403007p0016.jpg,소길별하,126.3757759,33.42983943
237,d00255403007p0017.jpg,소길별하,126.3757759,33.42983943
238,d00266301099p0001.jpg,제주신라호텔 수영장,126.40804,33.24747415
239,d00266301099p0007.jpg,제주신라호텔 수영장,126.40804,33.24747415
240,d00266301099p0009.jpg,제주신라호텔 수영장,126.40804,33.24747415
241,d00266301099p0010.jpg,제주신라호텔 수영장,126.40804,33.24747415
242,d00266301099p0011.jpg,제주신라호텔 수영장,126.40804,33.24747415
243,d00266301099p0012.jpg,제주신라호텔 수영장,126.40804,33.24747415
244,d00266301099p0013.jpg,제주신라호텔 수영장,126.40804,33.24747415
245,d00266301099p0016.jpg,제주신라호텔 수영장,126.40804,33.24747415
246,d00266301099p0017.jpg,제주신라호텔 수영장,126.40804,33.24747415
247,d00309601002p0001.jpg,제주국제공항 JDC면세점,126.4928945,33.50696767
248,d00329101010p0002.jpg,삼성혈,126.5287631,33.50442796
249,d00329101010p0003.jpg,삼성혈,126.5287631,33.50442796
250,d00329101010p0007.jpg,삼성혈,126.5287631,33.50442796
251,d00329101010p0009.jpg,삼성혈,126.5287631,33.50442796
252,d00329101010p0010.jpg,삼성혈,126.5287631,33.50442796
253,d00337901002p0001.jpg,아쿠아플라넷 제주,126.9278459,33.43306804
254,d00337901002p0005.jpg,아쿠아플라넷 제주,126.9278459,33.43306804
255,d00337901002p0006.jpg,아쿠아플라넷 제주,126.9278459,33.43306804
256,d00337901002p0007.jpg,아쿠아플라넷 제주,126.9278459,33.43306804
257,d00337901002p0008.jpg,아쿠아플라넷 제주,126.9278459,33.43306804
258,d00343702003p0001.jpg,산방산탄산온천,126.2987822,33.24902672
259,d00343702003p0003.jpg,산방산탄산온천,126.2987822,33.24902672
260,d00343702003p0004.jpg,산방산탄산온천,126.2987822,33.24902672
261,d00343702003p0005.jpg,산방산탄산온천,126.2987822,33.24902672
262,d00354201006p0001.jpg,세화민속오일시장,126.8574647,33.52591225
263,d00354201006p0005.jpg,세화민속오일시장,126.8574647,33.52591225
264,d00354302004p0005.jpg,천제연폭포,126.4183754,33.25267658
265,d00354302004p0007.jpg,천제연폭포,126.4183754,33.25267658
266,d00354302004p0008.jpg,천제연폭포,126.4183754,33.25267658
267,d00354302004p0010.jpg,천제연폭포,126.4183754,33.25267658
268,d00354302004p0013.jpg,천제연폭포,126.4183754,33.25267658
269,d00354302004p0014.jpg,천제연폭포,126.4183754,33.25267658
270,d00354302004p0016.jpg,천제연폭포,126.4183754,33.25267658
271,d00354302004p0018.jpg,천제연폭포,126.4183754,33.25267658
272,d00356603008p0001.jpg,한담몰,126.3116706,33.46235224
273,d00356603008p0003.jpg,한담몰,126.3116706,33.46235224
274,d00356603008p0004.jpg,한담몰,126.3116706,33.46235224
275,d00362002005p0001.jpg,숨도,126.536521,33.25045551
276,d00362002005p0002.jpg,숨도,126.536521,33.25045551
277,d00362002005p0003.jpg,숨도,126.536521,33.25045551
278,d00362002005p0004.jpg,숨도,126.536521,33.25045551
279,d00362002005p0006.jpg,숨도,126.536521,33.25045551
280,d00362002005p0007.jpg,숨도,126.536521,33.25045551
281,d00362002005p0008.jpg,숨도,126.536521,33.25045551
282,d00362002005p0009.jpg,숨도,126.536521,33.25045551
283,d00362002005p0010.jpg,숨도,126.536521,33.25045551
284,d00381503004p0001.jpg,세계자동차&피아노박물관,126.3498145,33.28375831
285,d00381503004p0003.jpg,세계자동차&피아노박물관,126.3498145,33.28375831
286,d00381503004p0007.jpg,세계자동차&피아노박물관,126.3498145,33.28375831
287,d00381503004p0008.jpg,세계자동차&피아노박물관,126.3498145,33.28375831
288,d00381503004p0009.jpg,세계자동차&피아노박물관,126.3498145,33.28375831
289,d00381503004p0011.jpg,세계자동차&피아노박물관,126.3498145,33.28375831
290,d00381503004p0013.jpg,세계자동차&피아노박물관,126.3498145,33.28375831
291,d00381503004p0014.jpg,세계자동차&피아노박물관,126.3498145,33.28375831
292,d00381503004p0015.jpg,세계자동차&피아노박물관,126.3498145,33.28375831
293,d00381503004p0017.jpg,세계자동차&피아노박물관,126.3498145,33.28375831
294,d00381503004p0018.jpg,세계자동차&피아노박물관,126.3498145,33.28375831
295,d00381503004p0019.jpg,세계자동차&피아노박물관,126.3498145,33.28375831
296,d00381503004p0020.jpg,세계자동차&피아노박물관,126.3498145,33.28375831
297,d00382802006p0003.jpg,혼인지,126.8937741,33.41519517
298,d00382802006p0004.jpg,혼인지,126.8937741,33.41519517
299,d00382802006p0005.jpg,혼인지,126.8937741,33.41519517
300,d00382802006p0006.jpg,혼인지,126.8937741,33.41519517
301,d00382802006p0007.jpg,혼인지,126.8937741,33.41519517
302,d00382802006p0008.jpg,혼인지,126.8937741,33.41519517
303,d00399001003p0001.jpg,중문대포주상절리대,126.4260174,33.23799399
304,d00399001003p0003.jpg,중문대포주상절리대,126.4260174,33.23799399
305,d00399001003p0004.jpg,중문대포주상절리대,126.4260174,33.23799399
306,d00399001003p0006.jpg,중문대포주상절리대,126.4260174,33.23799399
307,d00399001003p0010.jpg,중문대포주상절리대,126.4260174,33.23799399
308,d00399001003p0011.jpg,중문대포주상절리대,126.4260174,33.23799399
309,d00399001003p0012.jpg,중문대포주상절리대,126.4260174,33.23799399
310,d00399001003p0013.jpg,중문대포주상절리대,126.4260174,33.23799399
311,d00399001003p0014.jpg,중문대포주상절리대,126.4260174,33.23799399
312,d00410403004p0004.jpg,제주도립미술관,126.4896447,33.45258465
313,d00410403004p0005.jpg,제주도립미술관,126.4896447,33.45258465
314,d00420103009p0004.jpg,제주불빛정원,126.4091788,33.4222944
315,d00420103009p0005.jpg,제주불빛정원,126.4091788,33.4222944
316,d00420103009p0006.jpg,제주불빛정원,126.4091788,33.4222944
317,d00420103009p0007.jpg,제주불빛정원,126.4091788,33.4222944
318,d00420302006p0001.jpg,혼인지,126.8937741,33.41519517
319,d00420302006p0002.jpg,혼인지,126.8937741,33.41519517
320,d00420302006p0003.jpg,혼인지,126.8937741,33.41519517
321,d00426902008p0002.jpg,원앙폭포,126.5813297,33.30017689
322,d00426902008p0003.jpg,원앙폭포,126.5813297,33.30017689
323,d00426902008p0004.jpg,원앙폭포,126.5813297,33.30017689
324,d00455001005p0003.jpg,사진놀이터,126.4417351,33.45675002
325,d00455001005p0004.jpg,사진놀이터,126.4417351,33.45675002
326,d00455001005p0005.jpg,사진놀이터,126.4417351,33.45675002
327,d00455001005p0006.jpg,사진놀이터,126.4417351,33.45675002
328,d00455001005p0008.jpg,사진놀이터,126.4417351,33.45675002
329,d00455001005p0009.jpg,사진놀이터,126.4417351,33.45675002
330,d00457101002p0001.jpg,제주곶자왈도립공원,126.2736585,33.28318696
331,d00457101002p0002.jpg,제주곶자왈도립공원,126.2736585,33.28318696
332,d00457101002p0003.jpg,제주곶자왈도립공원,126.2736585,33.28318696
333,d00457101002p0004.jpg,제주곶자왈도립공원,126.2736585,33.28318696
334,d00457101002p0005.jpg,제주곶자왈도립공원,126.2736585,33.28318696
335,d00458303004p0002.jpg,자구리문화예술공원,126.5673829,33.24174695
336,d00458303004p0003.jpg,자구리문화예술공원,126.5673829,33.24174695
337,d00475402004p0005.jpg,중문대포주상절리대,126.4260174,33.23799399
338,d00475402004p0007.jpg,중문대포주상절리대,126.4260174,33.23799399
339,d00475402004p0010.jpg,중문대포주상절리대,126.4260174,33.23799399
340,d00475603003p0001.jpg,스누피가든,126.7796675,33.44335922
341,d00475603003p0002.jpg,스누피가든,126.7796675,33.44335922
342,d00475603003p0003.jpg,스누피가든,126.7796675,33.44335922
343,d00475603003p0004.jpg,스누피가든,126.7796675,33.44335922
344,d00475603003p0005.jpg,스누피가든,126.7796675,33.44335922
345,d00475603003p0006.jpg,스누피가든,126.7796675,33.44335922
346,d00475603003p0007.jpg,스누피가든,126.7796675,33.44335922
347,d00475603003p0008.jpg,스누피가든,126.7796675,33.44335922
348,d00475603003p0009.jpg,스누피가든,126.7796675,33.44335922
349,d00475603003p0010.jpg,스누피가든,126.7796675,33.44335922
350,d00475603003p0011.jpg,스누피가든,126.7796675,33.44335922
351,d00475603003p0012.jpg,스누피가든,126.7796675,33.44335922
352,d00475603003p0013.jpg,스누피가든,126.7796675,33.44335922
353,d00512801003p0002.jpg,제주도립미술관,126.4896447,33.45258465
354,d00512801003p0003.jpg,제주도립미술관,126.4896447,33.45258465
355,d00512801003p0004.jpg,제주도립미술관,126.4896447,33.45258465
356,d00512801003p0005.jpg,제주도립미술관,126.4896447,33.45258465
357,d00512801003p0006.jpg,제주도립미술관,126.4896447,33.45258465
358,d00512801003p0007.jpg,제주도립미술관,126.4896447,33.45258465
359,d00512801003p0008.jpg,제주도립미술관,126.4896447,33.45258465
360,d00512801003p0009.jpg,제주도립미술관,126.4896447,33.45258465
361,d00512801003p0010.jpg,제주도립미술관,126.4896447,33.45258465
362,d00512801003p0011.jpg,제주도립미술관,126.4896447,33.45258465
363,d00531501007p0001.jpg,제주불빛정원,126.4091788,33.4222944
364,d00531501007p0004.jpg,제주불빛정원,126.4091788,33.4222944
365,d00531501007p0005.jpg,제주불빛정원,126.4091788,33.4222944
366,d00531501007p0009.jpg,제주불빛정원,126.4091788,33.4222944
367,d00531501007p0016.jpg,제주불빛정원,126.4091788,33.4222944
368,d00539203003p0004.jpg,용두암,126.5119571,33.51611062
369,d00545001005p0001.jpg,약천사,126.4494585,33.24623622
370,d00545001005p0003.jpg,약천사,126.4494585,33.24623622
371,d00545001005p0004.jpg,약천사,126.4494585,33.24623622
372,d00545001005p0005.jpg,약천사,126.4494585,33.24623622
373,d00545001005p0006.jpg,약천사,126.4494585,33.24623622
374,d00545001005p0007.jpg,약천사,126.4494585,33.24623622
375,d00545001005p0008.jpg,약천사,126.4494585,33.24623622
376,d00545001005p0009.jpg,약천사,126.4494585,33.24623622
377,d00545001005p0010.jpg,약천사,126.4494585,33.24623622
378,d00545001005p0011.jpg,약천사,126.4494585,33.24623622
379,d00545001005p0012.jpg,약천사,126.4494585,33.24623622
380,d00545001005p0013.jpg,약천사,126.4494585,33.24623622
381,d00562003002p0003.jpg,테디베어뮤지엄 제주점,126.4121631,33.25029595
382,d00562003002p0007.jpg,테디베어뮤지엄 제주점,126.4121631,33.25029595
383,d00562003002p0009.jpg,테디베어뮤지엄 제주점,126.4121631,33.25029595
384,d00562003002p0011.jpg,테디베어뮤지엄 제주점,126.4121631,33.25029595
385,d00562003002p0013.jpg,테디베어뮤지엄 제주점,126.4121631,33.25029595
386,d00562003002p0014.jpg,테디베어뮤지엄 제주점,126.4121631,33.25029595
387,d00562003002p0017.jpg,테디베어뮤지엄 제주점,126.4121631,33.25029595
388,d00562003002p0020.jpg,테디베어뮤지엄 제주점,126.4121631,33.25029595
389,d00589202009p0001.jpg,훈데르트바서파크,126.9565072,33.49276256
390,d00589202009p0003.jpg,훈데르트바서파크,126.9565072,33.49276256
391,d00589202009p0006.jpg,훈데르트바서파크,126.9565072,33.49276256
392,d00589202009p0007.jpg,훈데르트바서파크,126.9565072,33.49276256
393,d00589202009p0008.jpg,훈데르트바서파크,126.9565072,33.49276256
394,d00589202009p0010.jpg,훈데르트바서파크,126.9565072,33.49276256
395,d00589202009p0012.jpg,훈데르트바서파크,126.9565072,33.49276256
396,d00589202009p0013.jpg,훈데르트바서파크,126.9565072,33.49276256
397,d00589202009p0014.jpg,훈데르트바서파크,126.9565072,33.49276256
398,d00589202009p0016.jpg,훈데르트바서파크,126.9565072,33.49276256
399,d00589202009p0017.jpg,훈데르트바서파크,126.9565072,33.49276256
400,d00589202009p0018.jpg,훈데르트바서파크,126.9565072,33.49276256
401,d00589202009p0019.jpg,훈데르트바서파크,126.9565072,33.49276256
402,d00589602003p0001.jpg,점보빌리지,126.3051056,33.27627648
403,d00589602003p0003.jpg,점보빌리지,126.3051056,33.27627648
404,d00589602003p0005.jpg,점보빌리지,126.3051056,33.27627648
405,d00616603005p0001.jpg,휘닉스제주 유민미술관,126.9322309,33.42919718
406,d00616603005p0005.jpg,휘닉스제주 유민미술관,126.9322309,33.42919718
407,d00616603005p0007.jpg,휘닉스제주 유민미술관,126.9322309,33.42919718
408,d00616603005p0009.jpg,휘닉스제주 유민미술관,126.9322309,33.42919718
409,d00616603005p0010.jpg,휘닉스제주 유민미술관,126.9322309,33.42919718
410,d00616603005p0011.jpg,휘닉스제주 유민미술관,126.9322309,33.42919718
411,d00616603005p0012.jpg,휘닉스제주 유민미술관,126.9322309,33.42919718
412,d00616603005p0014.jpg,휘닉스제주 유민미술관,126.9322309,33.42919718
413,d00616603005p0017.jpg,휘닉스제주 유민미술관,126.9322309,33.42919718
414,d00616603005p0019.jpg,휘닉스제주 유민미술관,126.9322309,33.42919718
415,d00637803005p0001.jpg,월정퀵서프,126.7984786,33.5547373
416,d00637803005p0002.jpg,월정퀵서프,126.7984786,33.5547373
417,d00667202002p0001.jpg,뽀로로앤타요테마파크 제주,126.370822,33.30041823
418,d00671502003p0001.jpg,성산일출봉,126.9405375,33.45913497
419,d00671502003p0002.jpg,성산일출봉,126.9405375,33.45913497
420,d00671502003p0003.jpg,성산일출봉,126.9405375,33.45913497
421,d00671502003p0007.jpg,성산일출봉,126.9405375,33.45913497
422,d00671502003p0008.jpg,성산일출봉,126.9405375,33.45913497
423,d00671502003p0009.jpg,성산일출봉,126.9405375,33.45913497
424,d00671502003p0010.jpg,성산일출봉,126.9405375,33.45913497
425,d00671502003p0011.jpg,성산일출봉,126.9405375,33.45913497
426,d00671502003p0013.jpg,성산일출봉,126.9405375,33.45913497
427,d00671502003p0014.jpg,성산일출봉,126.9405375,33.45913497
428,d00671502003p0015.jpg,성산일출봉,126.9405375,33.45913497
429,d00671502003p0017.jpg,성산일출봉,126.9405375,33.45913497
430,d00671502003p0018.jpg,성산일출봉,126.9405375,33.45913497
431,d00671502003p0020.jpg,성산일출봉,126.9405375,33.45913497
432,d00675303004p0001.jpg,제주동문재래시장,126.5260174,33.51158514
433,d00683603002p0002.jpg,테디베어뮤지엄 제주점,126.4121631,33.25029595
434,d00699102003p0002.jpg,제주허브동산,126.8151851,33.33039389
435,d00699102003p0003.jpg,제주허브동산,126.8151851,33.33039389
436,d00699102003p0004.jpg,제주허브동산,126.8151851,33.33039389
437,d00699102003p0005.jpg,제주허브동산,126.8151851,33.33039389
438,d00699102003p0006.jpg,제주허브동산,126.8151851,33.33039389
439,d00699102003p0008.jpg,제주허브동산,126.8151851,33.33039389
440,d00699102003p0009.jpg,제주허브동산,126.8151851,33.33039389
441,d00699102003p0010.jpg,제주허브동산,126.8151851,33.33039389
442,d00699102003p0011.jpg,제주허브동산,126.8151851,33.33039389
443,d00699102003p0012.jpg,제주허브동산,126.8151851,33.33039389
444,d00699102003p0013.jpg,제주허브동산,126.8151851,33.33039389
445,d00699102003p0014.jpg,제주허브동산,126.8151851,33.33039389
446,d00699102003p0015.jpg,제주허브동산,126.8151851,33.33039389
447,d00699102003p0016.jpg,제주허브동산,126.8151851,33.33039389
448,d00699102003p0018.jpg,제주허브동산,126.8151851,33.33039389
449,d00699102003p0019.jpg,제주허브동산,126.8151851,33.33039389
450,d00699102003p0020.jpg,제주허브동산,126.8151851,33.33039389
451,d00739302002p0001.jpg,액트몬 제주중문점,126.4215166,33.24368583
452,d00739302002p0003.jpg,액트몬 제주중문점,126.4215166,33.24368583
453,d00739302002p0006.jpg,액트몬 제주중문점,126.4215166,33.24368583
454,d00739302002p0008.jpg,액트몬 제주중문점,126.4215166,33.24368583
455,d00742503003p0003.jpg,서귀포치유의숲,126.5279042,33.29193935
456,d00742503003p0004.jpg,서귀포치유의숲,126.5279042,33.29193935
457,d00742503003p0005.jpg,서귀포치유의숲,126.5279042,33.29193935
458,d00742503003p0006.jpg,서귀포치유의숲,126.5279042,33.29193935
459,d00752302003p0002.jpg,서프라이즈테마파크,126.6595954,33.46516535
460,d00752302003p0003.jpg,서프라이즈테마파크,126.6595954,33.46516535
461,d00752302003p0004.jpg,서프라이즈테마파크,126.6595954,33.46516535
462,d00752302003p0005.jpg,서프라이즈테마파크,126.6595954,33.46516535
463,d00752302003p0006.jpg,서프라이즈테마파크,126.6595954,33.46516535
464,d00780604002p0004.jpg,제주도서핑샵 문서프,126.3083646,33.45008311
465,d00785902002p0008.jpg,제주도서핑샵 문서프,126.3083646,33.45008311
466,d00794703003p0005.jpg,신화관 제주신화월드 스카이풀,126.3160763,33.30617607
467,d00794703003p0006.jpg,신화관 제주신화월드 스카이풀,126.3160763,33.30617607
468,d00794703003p0007.jpg,신화관 제주신화월드 스카이풀,126.3160763,33.30617607
469,d00794703003p0008.jpg,신화관 제주신화월드 스카이풀,126.3160763,33.30617607
470,d00800803002p0008.jpg,비자림,126.8099875,33.49040837
471,d00800803002p0009.jpg,비자림,126.8099875,33.49040837
472,d00800803002p0012.jpg,비자림,126.8099875,33.49040837
473,d00800803002p0014.jpg,비자림,126.8099875,33.49040837
474,d00800803002p0015.jpg,비자림,126.8099875,33.49040837
475,d00800803002p0016.jpg,비자림,126.8099875,33.49040837
476,d00800803002p0017.jpg,비자림,126.8099875,33.49040837
477,d00800803002p0018.jpg,비자림,126.8099875,33.49040837
478,d00800803002p0019.jpg,비자림,126.8099875,33.49040837
479,d00800803002p0020.jpg,비자림,126.8099875,33.49040837
480,d00802201006p0011.jpg,제주카약올레,126.3104746,33.46233117
481,d00802201006p0013.jpg,제주카약올레,126.3104746,33.46233117
482,d00803006006p0001.jpg,이마트 신제주점,126.4803425,33.48515488
483,d00896001008p0003.jpg,올레야시장,126.5628483,33.24954102
484,d00896001008p0011.jpg,올레야시장,126.5628483,33.24954102
485,d00901703010p0001.jpg,플레이스캠프제주,126.918209,33.44994385
486,d00901703010p0002.jpg,플레이스캠프제주,126.918209,33.44994385
487,d00901703010p0003.jpg,플레이스캠프제주,126.918209,33.44994385
488,d00931502007p0010.jpg,제주카약올레,126.3104746,33.46233117
489,d00931502007p0017.jpg,제주카약올레,126.3104746,33.46233117
490,d00938104008p0002.jpg,한림공원,126.2401849,33.38919042
491,d00938104008p0003.jpg,한림공원,126.2401849,33.38919042
492,d00938104008p0005.jpg,한림공원,126.2401849,33.38919042
493,d00938104008p0007.jpg,한림공원,126.2401849,33.38919042
494,d00938104008p0008.jpg,한림공원,126.2401849,33.38919042
495,d00969601006p0002.jpg,아라리오뮤지엄 탑동시네마,126.5233917,33.51739573
496,d00969601006p0005.jpg,아라리오뮤지엄 탑동시네마,126.5233917,33.51739573
497,d00972804006p0014.jpg,카멜리아힐,126.3700095,33.28963443
498,d00995602002p0008.jpg,한라산아래첫마을,126.3795496,33.32820916
499,d00998603007p0008.jpg,해변산책,126.3080135,33.4520466
500,d01039101002p0003.jpg,제주코코몽에코파크,126.7058484,33.27455623
501,d01053401006p0009.jpg,카멜리아힐,126.3700095,33.28963443
502,d01076805004p0002.jpg,스카이워터쇼,126.7430381,33.42410967
503,d01223502009p0007.jpg,서복전시관,126.5708889,33.24491119
504,d01234701002p0011.jpg,액티브파크,126.2360832,33.38113118
505,d01234901004p0010.jpg,추사유배지,126.2781963,33.25040562
506,ICC제주국제컨벤션센터 (2).jpg,ICC제주국제컨벤션센터,126.4244399,33.24131911
507,ICC제주국제컨벤션센터 (3).jpg,ICC제주국제컨벤션센터,126.4244399,33.24131911
508,ICC제주국제컨벤션센터 (4).jpg,ICC제주국제컨벤션센터,126.4244399,33.24131911
509,ICC제주국제컨벤션센터.jpg,ICC제주국제컨벤션센터,126.4244399,33.24131911
510,감귤박물관 (2).jpg,감귤박물관,126.607467,33.27156161
511,감귤박물관 (3).jpg,감귤박물관,126.607467,33.27156161
512,감귤박물관.jpg,감귤박물관,126.607467,33.27156161
513,거린사슴 전망대 (2).jpg,거린사슴 전망대,126.4545632,33.3074571
514,거린사슴 전망대 (3).jpg,거린사슴 전망대,126.4545632,33.3074571
515,거린사슴 전망대 (4).jpg,거린사슴 전망대,126.4545632,33.3074571
516,거린사슴 전망대.jpg,거린사슴 전망대,126.4545632,33.3074571
517,거문오름 (2).jpg,거문오름,126.7147427,33.45692229
518,거문오름 (3).jpg,거문오름,126.7147427,33.45692229
519,거문오름 (4).jpg,거문오름,126.7147427,33.45692229
520,거문오름.jpg,거문오름,126.7147427,33.45692229
521,건강과성박물관 (2).jpg,건강과성박물관,126.346663,33.25489914
522,건강과성박물관 (3).jpg,건강과성박물관,126.346663,33.25489914
523,건강과성박물관 (4).jpg,건강과성박물관,126.346663,33.25489914
524,건강과성박물관.jpg,건강과성박물관,126.346663,33.25489914
525,걸어가는늑대들 전이수갤러리 (2).jpg,걸어가는늑대들 전이수갤러리,126.6724492,33.54260488
526,걸어가는늑대들 전이수갤러리 (3).jpg,걸어가는늑대들 전이수갤러리,126.6724492,33.54260488
527,걸어가는늑대들 전이수갤러리.jpg,걸어가는늑대들 전이수갤러리,126.6724492,33.54260488
528,검멀레해변 (2).jpg,검멀레해변,126.9669025,33.49717101
529,검멀레해변 (3).jpg,검멀레해변,126.9669025,33.49717101
530,검멀레해변.jpg,검멀레해변,126.9669025,33.49717101
531,고성오일시장 (2).jpg,고성오일시장,126.9133003,33.45199259
532,고성오일시장 (3).jpg,고성오일시장,126.9133003,33.45199259
533,고성오일시장 (4).jpg,고성오일시장,126.9133003,33.45199259
534,고성오일시장.jpg,고성오일시장,126.9133003,33.45199259
535,고흐의정원 (3).jpg,고흐의정원,126.8437184,33.37337564
536,고흐의정원 (4).jpg,고흐의정원,126.8437184,33.37337564
537,고흐의정원 (5).jpg,고흐의정원,126.8437184,33.37337564
538,고흐의정원.jpg,고흐의정원,126.8437184,33.37337564
539,관덕정 (2).jpg,관덕정,126.5214571,33.51334915
540,관덕정 (3).jpg,관덕정,126.5214571,33.51334915
541,관덕정.jpg,관덕정,126.5214571,33.51334915
542,관음사 (2).jpg,관음사,128.0165872,37.34509597
543,관음사 (3).jpg,관음사,128.0165872,37.34509597
544,관음사 (4).jpg,관음사,128.0165872,37.34509597
545,관음사.jpg,관음사,128.0165872,37.34509597
546,교래자연휴양림 (2).jpg,교래자연휴양림,126.6649618,33.44036149
547,교래자연휴양림 (3).jpg,교래자연휴양림,126.6649618,33.44036149
548,교래자연휴양림 (4).jpg,교래자연휴양림,126.6649618,33.44036149
549,교래자연휴양림 (5).jpg,교래자연휴양림,126.6649618,33.44036149
550,교래자연휴양림 (6).jpg,교래자연휴양림,126.6649618,33.44036149
551,교래자연휴양림.jpg,교래자연휴양림,126.6649618,33.44036149
552,국립제주박물관 (10).jpg,국립제주박물관,126.5488761,33.51359629
553,국립제주박물관 (11).jpg,국립제주박물관,126.5488761,33.51359629
554,국립제주박물관 (12).jpg,국립제주박물관,126.5488761,33.51359629
555,국립제주박물관 (13).jpg,국립제주박물관,126.5488761,33.51359629
556,국립제주박물관 (14).jpg,국립제주박물관,126.5488761,33.51359629
557,국립제주박물관 (15).jpg,국립제주박물관,126.5488761,33.51359629
558,국립제주박물관 (16).jpg,국립제주박물관,126.5488761,33.51359629
559,국립제주박물관 (17).jpg,국립제주박물관,126.5488761,33.51359629
560,국립제주박물관 (18).jpg,국립제주박물관,126.5488761,33.51359629
561,국립제주박물관 (2).jpg,국립제주박물관,126.5488761,33.51359629
562,국립제주박물관 (3).jpg,국립제주박물관,126.5488761,33.51359629
563,국립제주박물관 (4).jpg,국립제주박물관,126.5488761,33.51359629
564,국립제주박물관 (5).jpg,국립제주박물관,126.5488761,33.51359629
565,국립제주박물관 (6).jpg,국립제주박물관,126.5488761,33.51359629
566,국립제주박물관 (7).jpg,국립제주박물관,126.5488761,33.51359629
567,국립제주박물관 (8).jpg,국립제주박물관,126.5488761,33.51359629
568,국립제주박물관 (9).jpg,국립제주박물관,126.5488761,33.51359629
569,국립제주박물관.jpg,국립제주박물관,126.5488761,33.51359629
570,귤귤스토어 (2).jpg,귤귤스토어,126.3120263,33.46253453
571,귤귤스토어 (3).jpg,귤귤스토어,126.3120263,33.46253453
572,귤귤스토어.jpg,귤귤스토어,126.3120263,33.46253453
573,그리스신화박물관 (10).jpg,그리스신화박물관,126.3571353,33.34861302
574,그리스신화박물관 (11).jpg,그리스신화박물관,126.3571353,33.34861302
575,그리스신화박물관 (2).jpg,그리스신화박물관,126.3571353,33.34861302
576,그리스신화박물관 (3).jpg,그리스신화박물관,126.3571353,33.34861302
577,그리스신화박물관 (4).jpg,그리스신화박물관,126.3571353,33.34861302
578,그리스신화박물관 (5).jpg,그리스신화박물관,126.3571353,33.34861302
579,그리스신화박물관 (6).jpg,그리스신화박물관,126.3571353,33.34861302
580,그리스신화박물관 (7).jpg,그리스신화박물관,126.3571353,33.34861302
581,그리스신화박물관 (8).jpg,그리스신화박물관,126.3571353,33.34861302
582,그리스신화박물관 (9).jpg,그리스신화박물관,126.3571353,33.34861302
583,그리스신화박물관.jpg,그리스신화박물관,126.3571353,33.34861302
584,금능해수욕장 (2).jpg,금능해수욕장,126.2358899,33.39044882
585,금능해수욕장 (3).jpg,금능해수욕장,126.2358899,33.39044882
586,금능해수욕장.jpg,금능해수욕장,126.2358899,33.39044882
587,기당미술관 (2).jpg,기당미술관,126.5511971,33.24488858
588,기당미술관 (3).jpg,기당미술관,126.5511971,33.24488858
589,기당미술관 (4).jpg,기당미술관,126.5511971,33.24488858
590,기당미술관.jpg,기당미술관,126.5511971,33.24488858
591,김녕미로공원 (2).jpg,김녕미로공원,126.7722353,33.53653188
592,김녕미로공원 (3).jpg,김녕미로공원,126.7722353,33.53653188
593,김녕미로공원 (4).jpg,김녕미로공원,126.7722353,33.53653188
594,김녕미로공원 (5).jpg,김녕미로공원,126.7722353,33.53653188
595,김녕미로공원 (6).jpg,김녕미로공원,126.7722353,33.53653188
596,김녕미로공원.jpg,김녕미로공원,126.7722353,33.53653188
597,김녕해수욕장 (2).jpg,김녕해수욕장,126.759314,33.55743886
598,김녕해수욕장 (3).jpg,김녕해수욕장,126.759314,33.55743886
599,김녕해수욕장.jpg,김녕해수욕장,126.759314,33.55743886
600,김서프제주 (2).jpg,김서프제주,126.414994,33.25075199
601,김서프제주 (3).jpg,김서프제주,126.414994,33.25075199
602,김서프제주 (4).jpg,김서프제주,126.414994,33.25075199
603,김서프제주 (5).jpg,김서프제주,126.414994,33.25075199
604,김서프제주 (6).jpg,김서프제주,126.414994,33.25075199
605,김서프제주.jpg,김서프제주,126.414994,33.25075199
606,김영갑갤러리두모악 (2).jpg,김영갑갤러리두모악,126.8541359,33.37189523
607,김영갑갤러리두모악 (3).jpg,김영갑갤러리두모악,126.8541359,33.37189523
608,김영갑갤러리두모악.jpg,김영갑갤러리두모악,126.8541359,33.37189523
609,남원큰엉해변 (2).jpg,남원큰엉해변,126.70371,33.27335018
610,남원큰엉해변 (3).jpg,남원큰엉해변,126.70371,33.27335018
611,남원큰엉해변.jpg,남원큰엉해변,126.70371,33.27335018
612,너븐숭이4.3기념관 (2).jpg,너븐숭이4.3기념관,126.6886562,33.54599701
613,너븐숭이4.3기념관 (3).jpg,너븐숭이4.3기념관,126.6886562,33.54599701
614,너븐숭이4.3기념관 (4).jpg,너븐숭이4.3기념관,126.6886562,33.54599701
615,너븐숭이4.3기념관.jpg,너븐숭이4.3기념관,126.6886562,33.54599701
616,노리매 (2).jpg,노리매,126.2873393,33.28311468
617,노리매 (3).jpg,노리매,126.2873393,33.28311468
618,노리매.jpg,노리매,126.2873393,33.28311468
619,노을해안1014 (2).jpg,노을해안1014,126.1685584,33.29768602
620,노을해안1014 (3).jpg,노을해안1014,126.1685584,33.29768602
621,노을해안1014.jpg,노을해안1014,126.1685584,33.29768602
622,노형수산시장 (2).jpg,노형수산시장,126.473086,33.48038006
623,노형수산시장 (3).jpg,노형수산시장,126.473086,33.48038006
624,노형수산시장.jpg,노형수산시장,126.473086,33.48038006
625,노형수퍼마켙 (10).jpg,노형수퍼마켙,126.4553556,33.46482488
626,노형수퍼마켙 (11).jpg,노형수퍼마켙,126.4553556,33.46482488
627,노형수퍼마켙 (12).jpg,노형수퍼마켙,126.4553556,33.46482488
628,노형수퍼마켙 (2).jpg,노형수퍼마켙,126.4553556,33.46482488
629,노형수퍼마켙 (3).jpg,노형수퍼마켙,126.4553556,33.46482488
630,노형수퍼마켙 (4).jpg,노형수퍼마켙,126.4553556,33.46482488
631,노형수퍼마켙 (5).jpg,노형수퍼마켙,126.4553556,33.46482488
632,노형수퍼마켙 (6).jpg,노형수퍼마켙,126.4553556,33.46482488
633,노형수퍼마켙 (7).jpg,노형수퍼마켙,126.4553556,33.46482488
634,노형수퍼마켙 (8).jpg,노형수퍼마켙,126.4553556,33.46482488
635,노형수퍼마켙 (9).jpg,노형수퍼마켙,126.4553556,33.46482488
636,노형수퍼마켙.jpg,노형수퍼마켙,126.4553556,33.46482488
637,다이소 제주동문시장점 (2).jpg,다이소 제주동문시장점,126.5265139,33.51289975
638,다이소 제주동문시장점 (3).jpg,다이소 제주동문시장점,126.5265139,33.51289975
639,다이소 제주동문시장점 (4).jpg,다이소 제주동문시장점,126.5265139,33.51289975
640,다이소 제주동문시장점 (5).jpg,다이소 제주동문시장점,126.5265139,33.51289975
641,다이소 제주동문시장점.jpg,다이소 제주동문시장점,126.5265139,33.51289975
642,대정오일시장 (2).jpg,대정오일시장,126.2483554,33.22045762
643,대정오일시장 (3).jpg,대정오일시장,126.2483554,33.22045762
644,대정오일시장 (4).jpg,대정오일시장,126.2483554,33.22045762
645,대정오일시장 (5).jpg,대정오일시장,126.2483554,33.22045762
646,대정오일시장 (6).jpg,대정오일시장,126.2483554,33.22045762
647,대정오일시장 (7).jpg,대정오일시장,126.2483554,33.22045762
648,대정오일시장.jpg,대정오일시장,126.2483554,33.22045762
649,대한불교조계종천왕사 (2).jpg,대한불교조계종천왕사,126.4950368,33.40777553
650,대한불교조계종천왕사 (3).jpg,대한불교조계종천왕사,126.4950368,33.40777553
651,대한불교조계종천왕사.jpg,대한불교조계종천왕사,126.4950368,33.40777553
652,더마파크 (2).jpg,더마파크,126.244325,33.35413025
653,더마파크 (3).jpg,더마파크,126.244325,33.35413025
654,더마파크 (4).jpg,더마파크,126.244325,33.35413025
655,더마파크.jpg,더마파크,126.244325,33.35413025
656,도두항 (2).jpg,도두항,126.46655,33.50739799
657,도두항 (3).jpg,도두항,126.46655,33.50739799
658,도두항.jpg,도두항,126.46655,33.50739799
659,돈내코유원지 (2).jpg,돈내코유원지,126.5841333,33.30036663
660,돈내코유원지.jpeg,돈내코유원지,126.5841333,33.30036663
661,돈내코유원지.jpg,돈내코유원지,126.5841333,33.30036663
662,드르쿰다in성산 (2).jpg,드르쿰다in성산,126.9190809,33.4445023
663,드르쿰다in성산 (3).jpg,드르쿰다in성산,126.9190809,33.4445023
664,드르쿰다in성산.jpg,드르쿰다in성산,126.9190809,33.4445023
665,디앤디파트먼트 제주 (2).jpg,디앤디파트먼트 제주,126.5231886,33.51772313
666,디앤디파트먼트 제주.jpeg,디앤디파트먼트 제주,126.5231886,33.51772313
667,디앤디파트먼트 제주.jpg,디앤디파트먼트 제주,126.5231886,33.51772313
668,레몬뮤지엄 (2).jpg,레몬뮤지엄,126.6178518,33.29885828
669,레몬뮤지엄.jpeg,레몬뮤지엄,126.6178518,33.29885828
670,레몬뮤지엄.jpg,레몬뮤지엄,126.6178518,33.29885828
671,레이저아레나 엑스 제주점 (2).jpg,레이저아레나 엑스 제주점,126.385571,33.26367546
672,레이저아레나 엑스 제주점 (3).jpg,레이저아레나 엑스 제주점,126.385571,33.26367546
673,레이저아레나 엑스 제주점.jpg,레이저아레나 엑스 제주점,126.385571,33.26367546
674,렛츠런파크제주 (2).jpg,렛츠런파크제주,126.3980766,33.40824823
675,렛츠런파크제주 (3).jpg,렛츠런파크제주,126.3980766,33.40824823
676,렛츠런파크제주 (4).jpg,렛츠런파크제주,126.3980766,33.40824823
677,렛츠런파크제주.jpg,렛츠런파크제주,126.3980766,33.40824823
678,로봇플래닛 (2).webp,로봇플래닛,126.3083072,33.29659857
679,로봇플래닛.jpg,로봇플래닛,126.3083072,33.29659857
680,로봇플래닛.webp,로봇플래닛,126.3083072,33.29659857
681,롯데마트 제주점 (2).jpg,롯데마트 제주점,126.4818478,33.48243476
682,롯데마트 제주점 (3).jpg,롯데마트 제주점,126.4818478,33.48243476
683,롯데마트 제주점.jpg,롯데마트 제주점,126.4818478,33.48243476
684,루나폴 (2).jpg,루나폴,126.3222855,33.25413393
685,루나폴 (3).jpg,루나폴,126.3222855,33.25413393
686,루나폴 (4).jpg,루나폴,126.3222855,33.25413393
687,루나폴 (5).jpg,루나폴,126.3222855,33.25413393
688,루나폴 (6).jpg,루나폴,126.3222855,33.25413393
689,루나폴 (7).jpg,루나폴,126.3222855,33.25413393
690,루나폴.jpg,루나폴,126.3222855,33.25413393
691,마노르블랑 (2).jpg,마노르블랑,126.2949908,33.25481888
692,마노르블랑 (3).jpg,마노르블랑,126.2949908,33.25481888
693,마노르블랑 (4).jpg,마노르블랑,126.2949908,33.25481888
694,마노르블랑 (5).jpg,마노르블랑,126.2949908,33.25481888
695,마노르블랑 (6).jpg,마노르블랑,126.2949908,33.25481888
696,마노르블랑 (7).jpg,마노르블랑,126.2949908,33.25481888
697,마노르블랑 (8).jpg,마노르블랑,126.2949908,33.25481888
698,마노르블랑.jpg,마노르블랑,126.2949908,33.25481888
699,마라도 (2).jpg,마라도,126.2671657,33.11848091
700,마라도 (3).jpg,마라도,126.2671657,33.11848091
701,마라도 (4).jpg,마라도,126.2671657,33.11848091
702,마라도 (5).jpg,마라도,126.2671657,33.11848091
703,마라도 (6).jpg,마라도,126.2671657,33.11848091
704,마라도.jpg,마라도,126.2671657,33.11848091
705,마방목지 (2).jpg,마방목지,126.603596,33.42763738
706,마방목지 (3).jpg,마방목지,126.603596,33.42763738
707,마방목지 (4).jpg,마방목지,126.603596,33.42763738
708,마방목지.jpg,마방목지,126.603596,33.42763738
709,만장굴 (2).jpg,만장굴,126.7693513,33.52793252
710,만장굴 (3).jpg,만장굴,126.7693513,33.52793252
711,만장굴.jpg,만장굴,126.7693513,33.52793252
712,메이즈랜드 (2).jpg,메이즈랜드,126.8008719,33.48825545
713,메이즈랜드.jpg,메이즈랜드,126.8008719,33.48825545
714,메이즈랜드.webp,메이즈랜드,126.8008719,33.48825545
715,모이소 (2).jpg,모이소,126.4885256,33.48709669
716,모이소 (3).jpg,모이소,126.4885256,33.48709669
717,모이소 (4).jpg,모이소,126.4885256,33.48709669
718,모이소.jpg,모이소,126.4885256,33.48709669
719,목장카페 발디 (10).jpg,목장카페 밭디,126.7722168,33.40789977
720,목장카페 발디 (11).jpg,목장카페 밭디,126.7722168,33.40789977
721,목장카페 발디 (12).jpg,목장카페 밭디,126.7722168,33.40789977
722,목장카페 발디 (13).jpg,목장카페 밭디,126.7722168,33.40789977
723,목장카페 발디 (14).jpg,목장카페 밭디,126.7722168,33.40789977
724,목장카페 발디 (15).jpg,목장카페 밭디,126.7722168,33.40789977
725,목장카페 발디 (16).jpg,목장카페 밭디,126.7722168,33.40789977
726,목장카페 발디 (2).jpg,목장카페 밭디,126.7722168,33.40789977
727,목장카페 발디 (3).jpg,목장카페 밭디,126.7722168,33.40789977
728,목장카페 발디 (4).jpg,목장카페 밭디,126.7722168,33.40789977
729,목장카페 발디 (5).jpg,목장카페 밭디,126.7722168,33.40789977
730,목장카페 발디 (6).jpg,목장카페 밭디,126.7722168,33.40789977
731,목장카페 발디 (7).jpg,목장카페 밭디,126.7722168,33.40789977
732,목장카페 발디 (8).jpg,목장카페 밭디,126.7722168,33.40789977
733,목장카페 발디 (9).jpg,목장카페 밭디,126.7722168,33.40789977
734,목장카페 발디.jpg,목장카페 밭디,126.7722168,33.40789977
735,무민랜드제주 (2).jpg,무민랜드제주,126.3817793,33.3066159
736,무민랜드제주 (3).jpg,무민랜드제주,126.3817793,33.3066159
737,무민랜드제주 (4).jpg,무민랜드제주,126.3817793,33.3066159
738,무민랜드제주.jpg,무민랜드제주,126.3817793,33.3066159
739,물의도시 베니스랜드 (10).jpg,물의도시 베니스랜드,126.8407062,33.41527182
740,물의도시 베니스랜드 (11).jpg,물의도시 베니스랜드,126.8407062,33.41527182
741,물의도시 베니스랜드 (12).jpg,물의도시 베니스랜드,126.8407062,33.41527182
742,물의도시 베니스랜드 (13).jpg,물의도시 베니스랜드,126.8407062,33.41527182
743,물의도시 베니스랜드 (14).jpg,물의도시 베니스랜드,126.8407062,33.41527182
744,물의도시 베니스랜드 (15).jpg,물의도시 베니스랜드,126.8407062,33.41527182
745,물의도시 베니스랜드 (2).jpg,물의도시 베니스랜드,126.8407062,33.41527182
746,물의도시 베니스랜드 (3).jpg,물의도시 베니스랜드,126.8407062,33.41527182
747,물의도시 베니스랜드 (4).jpg,물의도시 베니스랜드,126.8407062,33.41527182
748,물의도시 베니스랜드 (5).jpg,물의도시 베니스랜드,126.8407062,33.41527182
749,물의도시 베니스랜드 (6).jpg,물의도시 베니스랜드,126.8407062,33.41527182
750,물의도시 베니스랜드 (7).jpg,물의도시 베니스랜드,126.8407062,33.41527182
751,물의도시 베니스랜드 (8).jpg,물의도시 베니스랜드,126.8407062,33.41527182
752,물의도시 베니스랜드 (9).jpg,물의도시 베니스랜드,126.8407062,33.41527182
753,물의도시 베니스랜드.jpg,물의도시 베니스랜드,126.8407062,33.41527182
754,바이나흐튼 크리스마스박물관 (2).jpg,바이나흐튼 크리스마스박물관,126.3278579,33.29157208
755,바이나흐튼 크리스마스박물관 (3).jpg,바이나흐튼 크리스마스박물관,126.3278579,33.29157208
756,바이나흐튼 크리스마스박물관.jpg,바이나흐튼 크리스마스박물관,126.3278579,33.29157208
757,바이제주 (2).jpg,바이제주,126.504123,33.51657358
758,바이제주 (3).jpg,바이제주,126.504123,33.51657358
759,바이제주 (4).jpg,바이제주,126.504123,33.51657358
760,바이제주.jpg,바이제주,126.504123,33.51657358
761,박물관은살아있다 제주중문점 (2).bmp,박물관은살아있다 제주중문점,126.408741,33.25492848
762,박물관은살아있다 제주중문점 (3).bmp,박물관은살아있다 제주중문점,126.408741,33.25492848
763,박물관은살아있다 제주중문점.bmp,박물관은살아있다 제주중문점,126.408741,33.25492848
764,방주교회 (2).jpg,방주교회,126.3874393,33.30504898
765,방주교회 (3).jpg,방주교회,126.3874393,33.30504898
766,방주교회 (4).jpg,방주교회,126.3874393,33.30504898
767,방주교회 (5).jpg,방주교회,126.3874393,33.30504898
768,방주교회 (6).jpg,방주교회,126.3874393,33.30504898
769,방주교회 (7).jpg,방주교회,126.3874393,33.30504898
770,방주교회.jpg,방주교회,126.3874393,33.30504898
771,보롬왓 (2).jpg,보롬왓,126.7524958,33.41349708
772,보롬왓.jpeg,보롬왓,126.7524958,33.41349708
773,보롬왓.jpg,보롬왓,126.7524958,33.41349708
774,보문사.jpg,보문사,126.3214866,37.68881563
775,보문사2.jpg,보문사,126.3214866,37.68881563
776,보문사3.jpg,보문사,126.3214866,37.68881563
777,본태박물관.jpg,본태박물관,126.3924797,33.3037709
778,본태박물관2.jpg,본태박물관,126.3924797,33.3037709
779,본태박물관3.jpg,본태박물관,126.3924797,33.3037709
780,본태박물관4.jpg,본태박물관,126.3924797,33.3037709
781,본태박물관5.jpg,본태박물관,126.3924797,33.3037709
782,본태박물관6.jpg,본태박물관,126.3924797,33.3037709
783,본태박물관7.jpg,본태박물관,126.3924797,33.3037709
784,붉은오름자연휴양림.jpg,붉은오름자연휴양림,126.6753618,33.40149008
785,붉은오름자연휴양림2.jpg,붉은오름자연휴양림,126.6753618,33.40149008
786,붉은오름자연휴양림3.jpg,붉은오름자연휴양림,126.6753618,33.40149008
787,붉은오름자연휴양림4.jpg,붉은오름자연휴양림,126.6753618,33.40149008
788,붉은오름자연휴양림5.jpg,붉은오름자연휴양림,126.6753618,33.40149008
789,붉은오름자연휴양림6.jpg,붉은오름자연휴양림,126.6753618,33.40149008
790,뽀로로앤타요테마파크 제주.jpg,뽀로로앤타요테마파크 제주,126.370822,33.30041823
791,뽀로로앤타요테마파크 제주2.jpg,뽀로로앤타요테마파크 제주,126.370822,33.30041823
792,뽀로로앤타요테마파크 제주3.jpg,뽀로로앤타요테마파크 제주,126.370822,33.30041823
793,뽀로로앤타요테마파크 제주4.jpg,뽀로로앤타요테마파크 제주,126.370822,33.30041823
794,뽀로로앤타요테마파크 제주5.jpg,뽀로로앤타요테마파크 제주,126.370822,33.30041823
795,사라봉공원.jpg,사라봉공원,126.545546,33.51728425
796,사라봉공원2.jpg,사라봉공원,126.545546,33.51728425
797,사진놀이터.JPG,사진놀이터,126.4417351,33.45675002
798,산물관광농원.jpg,산물관광농원,126.6246915,33.25786673
799,산물관광농원2.jpg,산물관광농원,126.6246915,33.25786673
800,산물관광농원3.jpg,산물관광농원,126.6246915,33.25786673
801,산방사.jpg,산방사,126.3125303,33.2369576
802,산방사2.jpg,산방사,126.3125303,33.2369576
803,산방사3.jpg,산방사,126.3125303,33.2369576
804,산방사4.jpg,산방사,126.3125303,33.2369576
805,산방산 유람선.JPG,산방산 유람선,126.3352602,33.23701554
806,산방산 유람선2.JPG,산방산 유람선,126.3352602,33.23701554
807,산방산 유람선3.jpg,산방산 유람선,126.3352602,33.23701554
808,산방산 유람선4.JPG,산방산 유람선,126.3352602,33.23701554
809,산지등대.jpg,산지등대,126.5456105,33.52142459
810,산지등대2.jpg,산지등대,126.5456105,33.52142459
811,산지등대3.jpg,산지등대,126.5456105,33.52142459
812,삼무공원.jpg,삼무공원,126.5092014,33.2483545
813,삼무공원2.jpg,삼무공원,126.5092014,33.2483545
814,삼무공원3.jpg,삼무공원,126.5092014,33.2483545
815,삼성혈.jpg,삼성혈,126.5287631,33.50442796
816,삼성혈2.jpg,삼성혈,126.5287631,33.50442796
817,삼성혈3.jpg,삼성혈,126.5287631,33.50442796
818,상효원수목원.jpg,상효원수목원,126.584635,33.30595838
819,상효원수목원2.jpg,상효원수목원,126.584635,33.30595838
820,상효원수목원3.jpg,상효원수목원,126.584635,33.30595838
821,상효원수목원4.jpg,상효원수목원,126.584635,33.30595838
822,상효원수목원5.jpg,상효원수목원,126.584635,33.30595838
823,서귀다원.jpg,서귀다원,126.5969205,33.3121479
824,서귀다원2.jpg,서귀다원,126.5969205,33.3121479
825,서귀다원3.jpg,서귀다원,126.5969205,33.3121479
826,서귀다원4.jpg,서귀다원,126.5969205,33.3121479
827,서귀포매일올레시장.jpg,서귀포매일올레시장,126.5632316,33.25015006
828,서귀포매일올레시장2.jpg,서귀포매일올레시장,126.5632316,33.25015006
829,서귀포매일올레시장3.jpg,서귀포매일올레시장,126.5632316,33.25015006
830,서귀포매일올레시장4.JPG,서귀포매일올레시장,126.5632316,33.25015006
831,서귀포예술의전당.jpg,서귀포예술의전당,126.5507905,33.24633333
832,서귀포예술의전당2.jpg,서귀포예술의전당,126.5507905,33.24633333
833,서귀포예술의전당3.jpg,서귀포예술의전당,126.5507905,33.24633333
834,서귀포예술의전당4.jpg,서귀포예술의전당,126.5507905,33.24633333
835,서귀포유람선.jpg,서귀포유람선,126.5586449,33.23933432
836,서귀포유람선2.jpg,서귀포유람선,126.5586449,33.23933432
837,서귀포유람선3.JPG,서귀포유람선,126.5586449,33.23933432
838,서귀포유람선4.JPG,서귀포유람선,126.5586449,33.23933432
839,서귀포유람선5.jpg,서귀포유람선,126.5586449,33.23933432
840,서귀포향토오일시장.jpg,서귀포향토오일시장,126.5738072,33.26707968
841,서귀포향토오일시장2.jpg,서귀포향토오일시장,126.5738072,33.26707968
842,서귀포향토오일시장3.jpg,서귀포향토오일시장,126.5738072,33.26707968
843,서문공설시장.jpg,서문공설시장,126.5179076,33.51136992
844,서문공설시장2.jpg,서문공설시장,126.5179076,33.51136992
845,서문공설시장3.jpg,서문공설시장,126.5179076,33.51136992
846,서문공설시장4.jpg,서문공설시장,126.5179076,33.51136992
847,서복전시관.jpg,서복전시관,126.5708889,33.24491119
848,서복전시관2.jpg,서복전시관,126.5708889,33.24491119
849,서복전시관3.jpg,서복전시관,126.5708889,33.24491119
850,서복전시관4.jpg,서복전시관,126.5708889,33.24491119
851,서복전시관5.jpg,서복전시관,126.5708889,33.24491119
852,서복전시관6.jpg,서복전시관,126.5708889,33.24491119
853,서부농업기술센터.jpg,서부농업기술센터,126.248682,33.35368786
854,서부농업기술센터2.jpg,서부농업기술센터,126.248682,33.35368786
855,서부농업기술센터3.jpg,서부농업기술센터,126.248682,33.35368786
856,서부농업기술센터4.jpg,서부농업기술센터,126.248682,33.35368786
857,서부두수산시장.jpg,서부두수산시장,126.5299314,33.51704566
858,서부두수산시장2.jpg,서부두수산시장,126.5299314,33.51704566
859,서부두수산시장3.jpg,서부두수산시장,126.5299314,33.51704566
860,서프라이즈테마파크.jpg,서프라이즈테마파크,126.6595954,33.46516535
861,선물고팡 함덕점.jpg,선물고팡 함덕점,126.6630989,33.54381497
862,선물고팡 함덕점2.jpg,선물고팡 함덕점,126.6630989,33.54381497
863,선물고팡 함덕점3.jpg,선물고팡 함덕점,126.6630989,33.54381497
864,성이시돌목장.jpg,성이시돌목장,126.3273211,33.34776988
865,성이시돌목장2.jpg,성이시돌목장,126.3273211,33.34776988
866,성이시돌목장3.jpg,성이시돌목장,126.3273211,33.34776988
867,성이시돌목장4.jpg,성이시돌목장,126.3273211,33.34776988
868,세리월드.jpg,세리월드,126.5118743,33.24701618
869,세리월드2.jpg,세리월드,126.5118743,33.24701618
870,세리월드3.jpg,세리월드,126.5118743,33.24701618
871,세리월드4.jpg,세리월드,126.5118743,33.24701618
872,세리월드5.jpg,세리월드,126.5118743,33.24701618
873,세화민속오일시장2.jpg,세화민속오일시장,126.8574647,33.52591225
874,세화민속오일시장3.jpg,세화민속오일시장,126.8574647,33.52591225
875,세화해변.jpg,세화해변,126.8602562,33.52514366
876,세화해변2.jpg,세화해변,126.8602562,33.52514366
877,세화해변3.jpg,세화해변,126.8602562,33.52514366
878,세화해변4.jpg,세화해변,126.8602562,33.52514366
879,세회민속오일시장.jpg,세화민속오일시장,126.8574647,33.52591225
880,소인국테마파크.jpg,소인국테마파크,126.3225515,33.29056052
881,소인국테마파크2.jpg,소인국테마파크,126.3225515,33.29056052
882,소인국테마파크3.jpg,소인국테마파크,126.3225515,33.29056052
883,소인국테마파크4.jpg,소인국테마파크,126.3225515,33.29056052
884,소인국테마파크5.jpg,소인국테마파크,126.3225515,33.29056052
885,쇠소깍.jpg,쇠소깍,126.6224051,33.25424607
886,쇠소깍2.jpg,쇠소깍,126.6224051,33.25424607
887,쇠소깍3.jpg,쇠소깍,126.6224051,33.25424607
888,쇠소깍4.jpg,쇠소깍,126.6224051,33.25424607
889,수목원테마파크 아이스뮤지엄.jpg,수목원테마파크 아이스뮤지엄,126.4883977,33.47077732
890,수목원테마파크 아이스뮤지엄2.jpg,수목원테마파크 아이스뮤지엄,126.4883977,33.47077732
891,수목원테마파크 아이스뮤지엄3.jpg,수목원테마파크 아이스뮤지엄,126.4883977,33.47077732
892,스카이워터쇼.jpg,스카이워터쇼,126.7430381,33.42410967
893,스카이워터쇼2.jpg,스카이워터쇼,126.7430381,33.42410967
894,스카이워터쇼3.jpg,스카이워터쇼,126.7430381,33.42410967
895,신세계사이먼 제주프리미엄전문점.jpg,신세계사이먼 제주프리미엄전문점,126.317576,33.30663512
896,신세계사이먼 제주프리미엄전문점2.jpg,신세계사이먼 제주프리미엄전문점,126.317576,33.30663512
897,신세계사이먼 제주프리미엄전문점3.jpg,신세계사이먼 제주프리미엄전문점,126.317576,33.30663512
898,신세계사이먼 제주프리미엄전문점4.jpg,신세계사이먼 제주프리미엄전문점,126.317576,33.30663512
899,신양섭지해수욕장.jpg,신양섭지해수욕장,126.9234728,33.43510307
900,신양섭지해수욕장2.jpg,신양섭지해수욕장,126.9234728,33.43510307
901,신양섭지해수욕장3.jpg,신양섭지해수욕장,126.9234728,33.43510307
902,신화워터파크.jpg,신화워터파크,126.3153985,33.30607406
903,신화테마파크.jpg,신화테마파크,126.3152821,33.30475888
904,신화테마파크2.jpg,신화테마파크,126.3152821,33.30475888
905,신화테마파크3.jpg,신화테마파크,126.3152821,33.30475888
906,신화테마파크4.jpg,신화테마파크,126.3152821,33.30475888
907,신화테마파크5.jpg,신화테마파크,126.3152821,33.30475888
908,아라리오뮤지엄.jpg,아라리오뮤지엄 탑동시네마,126.5233917,33.51739573
909,아라리오뮤지엄2.jpg,아라리오뮤지엄 탑동시네마,126.5233917,33.51739573
910,아라리오뮤지엄3.jpg,아라리오뮤지엄 탑동시네마,126.5233917,33.51739573
911,아르떼뮤지엄.jpg,아르떼뮤지엄 제주,126.3450106,33.39670048
912,아르떼뮤지엄2.jpg,아르떼뮤지엄 제주,126.3450106,33.39670048
913,아르떼뮤지엄3.jpg,아르떼뮤지엄 제주,126.3450106,33.39670048
914,아르떼뮤지엄4.jpg,아르떼뮤지엄 제주,126.3450106,33.39670048
915,안녕성산.jpg,안녕성산,126.9345365,33.46189538
916,안녕성산2.jpg,안녕성산,126.9345365,33.46189538
917,안녕성산3.jpg,안녕성산,126.9345365,33.46189538
918,안녕성산4.jpg,안녕성산,126.9345365,33.46189538
919,액티브파크.jpg,액티브파크,126.2360832,33.38113118
920,액티브파크2.jpg,액티브파크,126.2360832,33.38113118
921,에코랜드테마파크.jpg,에코랜드테마파크,126.6702787,33.44833873
922,에코랜드테마파크2.jpg,에코랜드테마파크,126.6702787,33.44833873
923,에코랜드테마파크3.jpg,에코랜드테마파크,126.6702787,33.44833873
924,여미지식물원.jpg,여미지식물원,126.4142595,33.25260678
925,여미지식물원2.jpg,여미지식물원,126.4142595,33.25260678
926,오늘은녹차한잔.jpg,오늘은녹차한잔,126.7909911,33.3818346
927,오늘은녹차한잔2.jpg,오늘은녹차한잔,126.7909911,33.3818346
928,오늘은녹차한잔3.jpg,오늘은녹차한잔,126.7909911,33.3818346
929,오설록티뮤지엄 서광차밭.jpg,오설록티뮤지엄 서광차밭,126.2879708,33.30687021
930,오설록티뮤지엄 서광차밭2.jpg,오설록티뮤지엄 서광차밭,126.2879708,33.30687021
931,오설록티뮤지엄 서광차밭3.jpg,오설록티뮤지엄 서광차밭,126.2879708,33.30687021
932,오설록티뮤지엄 서광차밭4.jpg,오설록티뮤지엄 서광차밭,126.2879708,33.30687021
933,오설록티뮤지엄.jpg,오설록티뮤지엄,126.2894893,33.30591329
934,오설록티뮤지엄2.jpg,오설록티뮤지엄,126.2894893,33.30591329
935,올레야시장.jpg,올레야시장,126.5628483,33.24954102
936,올레야시장2.jpg,올레야시장,126.5628483,33.24954102
937,왈종미술관.jpg,왈종미술관,126.5736673,33.24529312
938,왈종미술관2.jpg,왈종미술관,126.5736673,33.24529312
939,왈종미술관3.jpg,왈종미술관,126.5736673,33.24529312
940,용두암.jpg,용두암,126.5119571,33.51611062
941,용두암2.jpg,용두암,126.5119571,33.51611062
942,우도산호해변.jpg,우도산호해변,126.9430478,33.50240607
943,우도산호해변2.jpg,우도산호해변,126.9430478,33.50240607
944,우도산호해변3.jpg,우도산호해변,126.9430478,33.50240607
945,우도올레보트.jpg,우도올레보트,126.9446065,33.49676093
946,원앙폭포.jpg,원앙폭포,126.5813297,33.30017689
947,월정퀵서프.jpg,월정퀵서프,126.7984786,33.5547373
948,월정퀵서프2.jpg,월정퀵서프,126.7984786,33.5547373
949,윈드1947카트테마파크.jpg,윈드1947카트테마파크,126.5888268,33.28951947
950,유채꽃프라자.jpg,유채꽃프라자,126.731674,33.39370483
951,유채꽃프라자2.jpg,유채꽃프라자,126.731674,33.39370483
952,유채꽃프라자3.jpg,유채꽃프라자,126.731674,33.39370483
953,이마트 서귀포점.jpg,이마트 서귀포점,126.5092014,33.2483545
954,이마트 서귀포점2.jpg,이마트 서귀포점,126.5092014,33.2483545
955,이마트 서귀포점3.jpg,이마트 서귀포점,126.5092014,33.2483545
956,이마트 신제주점.jpg,이마트 신제주점,126.4803425,33.48515488
957,이마트 신제주점2.jpg,이마트 신제주점,126.4803425,33.48515488
958,이마트 제주점.jpg,이마트 제주점,126.5213197,33.51796837
959,이마트 제주점2.jpg,이마트 제주점,126.5213197,33.51796837
960,이마트 제주점3.jpg,이마트 제주점,126.5213197,33.51796837
961,이중섭거리.jpg,이중섭거리,129.0530081,35.14087692
962,이중섭거리2.jpg,이중섭거리,129.0530081,35.14087692
963,이중섭거리3.jpg,이중섭거리,129.0530081,35.14087692
964,이중섭미술관.jpg,이중섭미술관,126.564888,33.24590378
965,이중섭미술관2.jpg,이중섭미술관,126.564888,33.24590378
966,이중섭미술관3.jpg,이중섭미술관,126.564888,33.24590378
967,자구리문화예술공원.jpg,자구리문화예술공원,126.5673829,33.24174695
968,자구리문화예술공원2.jpg,자구리문화예술공원,126.5673829,33.24174695
969,장한철 생가.jpg,장한철 생가,126.309983,33.46246998
970,장한철 생가2.jpg,장한철 생가,126.309983,33.46246998
971,장한철 생가3.jpg,장한철 생가,126.309983,33.46246998
972,절물자연휴양림.jpg,절물자연휴양림,126.6280113,33.43915259
973,절물자연휴양림2.jpg,절물자연휴양림,126.6280113,33.43915259
974,점보빌리지.jpg,점보빌리지,126.3051056,33.27627648
975,제주 세계자연유산센터.jpg,제주 세계자연유산센터,126.7147213,33.45688437
976,제주 세계자연유산센터2.jpg,제주 세계자연유산센터,126.7147213,33.45688437
977,제주 세계자연유산센터3.jpg,제주 세계자연유산센터,126.7147213,33.45688437
978,제주4.3평화공원.jpg,제주4.3평화공원,126.6179268,33.45126835
979,제주국제공항 JDC면세점.jpg,제주국제공항 JDC면세점,126.4928945,33.50696767
980,제주국제공항 JDC면세점2.jpg,제주국제공항 JDC면세점,126.4928945,33.50696767
981,제주도서핑샵 문서프.jpg,제주도서핑샵 문서프,126.3083646,33.45008311
982,제주돌문화공원.jpg,제주돌문화공원,126.6590636,33.44821824
983,제주돌문화공원2.jpg,제주돌문화공원,126.6590636,33.44821824
984,제주돌문화공원3.jpg,제주돌문화공원,126.6590636,33.44821824
985,제주동문시장.jpg,제주동문시장,126.5283034,33.51278396
986,제주동문시장2.jpg,제주동문시장,126.5283034,33.51278396
987,제주동문시장3.jpg,제주동문시장,126.5283034,33.51278396
988,제주동문재래야시장.jpg,제주동문재래야시장,126.5260174,33.51158875
989,제주동문재래야시장2.jpg,제주동문재래야시장,126.5260174,33.51158875
990,제주동문재래야시장3.jpg,제주동문재래야시장,126.5260174,33.51158875
991,제주라프.jpg,제주라프,126.7068869,33.4867741
992,제주라프2.jpg,제주라프,126.7068869,33.4867741
993,제주라프3.jpg,제주라프,126.7068869,33.4867741
994,제주레포츠랜드.jpg,제주레포츠랜드,126.6387551,33.4820682
995,제주목 관아.jpg,제주목 관아,126.5220035,33.51420236
996,제주목 관아2.jpg,제주목 관아,126.5220035,33.51420236
997,제주목 관아3.jpg,제주목 관아,126.5220035,33.51420236
998,제주목 관아4.jpg,제주목 관아,126.5220035,33.51420236
999,제주목 관아5.jpg,제주목 관아,126.5220035,33.51420236
1000,제주문화예술진흥원 제주문예회관.jpg,제주문화예술진흥원 제주문예회관,126.5352076,33.50458394
1001,제주문화예술진흥원 제주문예회관2.jpg,제주문화예술진흥원 제주문예회관,126.5352076,33.50458394
1002,제주문화예술진흥원 제주문예회관3.jpg,제주문화예술진흥원 제주문예회관,126.5352076,33.50458394
1003,제주민속촌.jpg,제주민속촌,126.8422973,33.32239595
1004,제주민속촌2.jpg,제주민속촌,126.8422973,33.32239595
1005,제주민속촌3.jpg,제주민속촌,126.8422973,33.32239595
1006,제주성읍마을.jpg,제주성읍마을,126.8014989,33.38495973
1007,제주성읍마을2.jpg,제주성읍마을,126.8014989,33.38495973
1008,제주시민속오일시장.jpg,제주시민속오일시장,126.4754837,33.49724097
1009,제주시민속오일시장2.jpg,제주시민속오일시장,126.4754837,33.49724097
1010,제주시민속오일시장3.jpg,제주시민속오일시장,126.4754837,33.49724097
1011,제주시민속오일시장4.jpg,제주시민속오일시장,126.4754837,33.49724097
1012,제주신화월드 신화쇼핑스트리트.jpg,제주신화월드 신화쇼핑스트리트,126.3172811,33.30686701
1013,제주신화월드 신화쇼핑스트리트2.jpg,제주신화월드 신화쇼핑스트리트,126.3172811,33.30686701
1014,제주신화월드 신화쇼핑스트리트3.jpg,제주신화월드 신화쇼핑스트리트,126.3172811,33.30686701
1015,제주실탄사격장.jpg,제주실탄사격장,126.3856848,33.26367783
1016,제주실탄사격장2.jpg,제주실탄사격장,126.3856848,33.26367783
1017,제주실탄사격장3.jpg,제주실탄사격장,126.3856848,33.26367783
1018,제주아트서커스.jpg,제주아트서커스,126.3448107,33.31439218
1019,제주야구인의마을.jpg,제주야구인의마을,126.4155338,33.28104264
1020,제주야구인의마을2.jpg,제주야구인의마을,126.4155338,33.28104264
1021,제주월드컵경기장.jpg,제주월드컵경기장,126.5093811,33.24615163
1022,제주월드컵경기장2.jpg,제주월드컵경기장,126.5093811,33.24615163
1023,제주월드컵경기장3.jpg,제주월드컵경기장,126.5093811,33.24615163
1024,제주자연생태공원.jpg,제주자연생태공원,126.8237765,33.4401587
1025,제주자연생태공원2.jpg,제주자연생태공원,126.8237765,33.4401587
1026,제주제트 중문점.jpg,제주제트 중문점,126.4394519,33.23843034
1027,제주제트 중문점2.jpg,제주제트 중문점,126.4394519,33.23843034
1028,제주제트 중문점3.jpg,제주제트 중문점,126.4394519,33.23843034
1029,제주조천스위스마을.jpg,제주조천스위스마을,126.6767734,33.49390832
1030,제주조천스위스마을2.jpg,제주조천스위스마을,126.6767734,33.49390832
1031,제주조천스위스마을3.jpg,제주조천스위스마을,126.6767734,33.49390832
1032,제주중문관광단지.jpg,제주중문관광단지,126.4207342,33.24583526
1033,제주중문관광단지2.jpg,제주중문관광단지,126.4207342,33.24583526
1034,제주중문관광단지3.jpg,제주중문관광단지,126.4207342,33.24583526
1035,제주중문관광단지4.jpg,제주중문관광단지,126.4207342,33.24583526
1036,제주카약올레.jpg,제주카약올레,126.3104746,33.46233117
1037,제주코코몽에코파크.jpg,제주코코몽에코파크,126.7058484,33.27455623
1038,제주코코몽에코파크2.jpg,제주코코몽에코파크,126.7058484,33.27455623
1039,제주특별자치도 민속자연사박물관.jpg,제주특별자치도 민속자연사박물관,126.5315261,33.50634441
1040,제주특별자치도 민속자연사박물관2.jpg,제주특별자치도 민속자연사박물관,126.5315261,33.50634441
1041,제주특별자치도 민속자연사박물관3.jpg,제주특별자치도 민속자연사박물관,126.5315261,33.50634441
1042,제주항공우주박물관.jpg,제주항공우주박물관,126.2996871,33.3042428
1043,중문회어시장.jpg,중문회어시장,126.403934,33.25925856
1044,중문회포장센터 새벽야시장.jpg,중문회포장센터 새벽야시장,126.4292831,33.24662854
1045,중문회포장센터 새벽야시장2.jpg,중문회포장센터 새벽야시장,126.4292831,33.24662854
1046,중문회포장센터 새벽야시장3.jpg,중문회포장센터 새벽야시장,126.4292831,33.24662854
1047,추사유배지.jpg,추사유배지,126.2781963,33.25040562
1048,추사유배지2.jpg,추사유배지,126.2781963,33.25040562
1049,카멜리아힐.jpg,카멜리아힐,126.3700095,33.28963443
1050,카멜리아힐2.jpg,카멜리아힐,126.3700095,33.28963443
1051,카페 귤한가.jpg,카페 귤한가,126.2630686,33.38844215
1052,카페 귤한가2.jpg,카페 귤한가,126.2630686,33.38844215
1053,카페 귤한가3.jpg,카페 귤한가,126.2630686,33.38844215
1054,파더스가든.jpg,파더스가든,126.3657532,33.27994208
1055,파더스가든2.jpg,파더스가든,126.3657532,33.27994208
1056,파더스가든3.jpg,파더스가든,126.3657532,33.27994208
1057,파더스가든4.jpg,파더스가든,126.3657532,33.27994208
1058,파더스가든5.jpg,파더스가든,126.3657532,33.27994208
1059,피규어뮤지엄제주.jpg,피규어뮤지엄제주,126.3553565,33.28190641
1060,하멜상선전시관.jpg,하멜상선전시관,126.3137024,33.23331003
1061,한라산아래첫마을.jpg,한라산아래첫마을,126.3795496,33.32820916
1062,한라산아래첫마을2.jpg,한라산아래첫마을,126.3795496,33.32820916
1063,한라생태숲.jpg,한라생태숲,126.5976996,33.43129334
1064,한라수목원.jpg,한라수목원,126.4932661,33.46978393
1065,한라수목원2.jpg,한라수목원,126.4932661,33.46978393
1066,한림수협.jpg,한림수협,126.2615061,33.41611525
1067,함덕해수욕장.jpg,함덕해수욕장,126.6692389,33.54306157
1068,함덕해수욕장2.jpg,함덕해수욕장,126.6692389,33.54306157
1069,항몽유적지.jpg,항파두리 항몽유적지,126.4079226,33.45274787
1070,항몽유적지2.jpg,항파두리 항몽유적지,126.4079226,33.45274787
1071,항몽유적지3.jpg,항파두리 항몽유적지,126.4079226,33.45274787
1072,해녀박물관.jpg,해녀박물관,126.8634299,33.52357842
1073,해녀박물관2.jpg,해녀박물관,126.8634299,33.52357842
1074,해녀박물관3.jpg,해녀박물관,126.8634299,33.52357842
1075,해녀박물관4.jpg,해녀박물관,126.8634299,33.52357842
1076,해녀박물관5.jpg,해녀박물관,126.8634299,33.52357842
1077,해변산책.jpg,해변산책,126.3080135,33.4520466
1078,해변산책2.jpg,해변산책,126.3080135,33.4520466
1079,헬로키티아일랜드.jpg,헬로키티아일랜드,126.3520703,33.28995334
1080,헬로키티아일랜드2.jpg,헬로키티아일랜드,126.3520703,33.28995334
1081,헬로키티아일랜드3.jpg,헬로키티아일랜드,126.3520703,33.28995334
1082,헬로키티아일랜드4.jpg,헬로키티아일랜드,126.3520703,33.28995334
1083,협재해수욕장.jpg,협재해수욕장,126.2391575,33.39386608
1084,협재해수욕장2.jpg,협재해수욕장,126.2391575,33.39386608
1085,협재해수욕장3.jpg,협재해수욕장,126.2391575,33.39386608
1086,홈플러스 서귀포점.jpg,홈플러스 서귀포점,126.5599283,33.26048552
1087,홈플러스 서귀포점2.jpg,홈플러스 서귀포점,126.5599283,33.26048552
1088,홈플러스 서귀포점3.jpg,홈플러스 서귀포점,126.5599283,33.26048552
1089,화순금모래해수욕장.jpg,화순금모래해수욕장,126.3335893,33.24003243
1090,화순금모래해수욕장2.jpg,화순금모래해수욕장,126.3335893,33.24003243
1091,화순금모래해수욕장3.jpg,화순금모래해수욕장,126.3335893,33.24003243
1092,환상숲곶자왈공원.jpg,환상숲곶자왈공원,126.2630279,33.32290672
1093,환상숲곶자왈공원2.jpg,환상숲곶자왈공원,126.2630279,33.32290672
1094,환상숲곶자왈공원3.jpg,환상숲곶자왈공원,126.2630279,33.32290672
1095,환상숲곶자왈공원4.jpg,환상숲곶자왈공원,126.2630279,33.32290672
1096,환상숲곶자왈공원5.jpg,환상숲곶자왈공원,126.2630279,33.32290672
1097,휘닉스제주섭지코지 수영장.jpg,휘닉스제주섭지코지 수영장,126.926806,33.43057537
1098,휘닉스제주섭지코지 수영장2.jpg,휘닉스제주섭지코지 수영장,126.926806,33.43057537
1099,휘닉스제주섭지코지 수영장3.jpg,휘닉스제주섭지코지 수영장,126.926806,33.43057537
1100,휴애리자연생활공원.jpg,휴애리자연생활공원,126.3104683,33.45932345
1101,휴애리자연생활공원2.jpg,휴애리자연생활공원,126.3104683,33.45932345
1102,휴애리자연생활공원3.jpg,휴애리자연생활공원,126.3104683,33.45932345
1103,휴애리자연생활공원4.jpg,휴애리자연생활공원,126.3104683,33.45932345
1104,휴애리자연생활공원5.jpg,휴애리자연생활공원,126.3104683,33.45932345
1105,휴애리자연생활공원6.jpg,휴애리자연생활공원,126.3104683,33.45932345
1106,휴애리자연생활공원7.jpg,휴애리자연생활공원,126.3104683,33.45932345
